departement,code_commune,commune,type_local,code_commune_insee,nom_commune_insee,nb_ventes,prix_m2_moyen,prix_m2_median,revenu_median,surface_achetable_m2
75,75101,PARIS 01,Appartement,75101,Paris 1er Arrondissement,205,11001.427191094841,11454.545454545454,35030.0,3.0581746031746033
75,75102,PARIS 02,Appartement,75102,Paris 2e Arrondissement,338,10616.372268681389,10806.25,34050.0,3.1509543088490455
75,75103,PARIS 03,Appartement,75103,Paris 3e Arrondissement,601,11194.2681297312,11486.486486486487,34800.0,3.0296470588235294
75,75103,PARIS 03,Maison,75103,Paris 3e Arrondissement,1,1555.5555555555557,1555.5555555555557,34800.0,22.37142857142857
75,75104,PARIS 04,Appartement,75104,Paris 4e Arrondissement,411,11544.332307450006,11975.527272727273,33040.0,2.758959939513007
75,75105,PARIS 05,Appartement,75105,Paris 5e Arrondissement,752,11054.051133624174,11388.888888888889,35960.0,3.1574634146341465
75,75105,PARIS 05,Maison,75105,Paris 5e Arrondissement,2,10574.55114912165,10574.55114912165,35960.0,3.400617150826958
75,75106,PARIS 06,Appartement,75106,Paris 6e Arrondissement,442,12080.455950354322,12590.90909090909,41750.0,3.315884476534296
75,75107,PARIS 07,Appartement,75107,Paris 7e Arrondissement,536,11578.120501514162,12333.333333333334,45380.0,3.6794594594594594
75,75107,PARIS 07,Maison,75107,Paris 7e Arrondissement,1,5250.0,5250.0,45380.0,8.643809523809523
75,75108,PARIS 08,Appartement,75108,Paris 8e Arrondissement,511,10944.504965734246,11400.0,44100.0,3.8684210526315788
75,75109,PARIS 09,Appartement,75109,Paris 9e Arrondissement,1047,10429.912564459693,10666.666666666666,37220.0,3.4893750000000003
75,75110,PARIS 10,Appartement,75110,Paris 10e Arrondissement,1377,9116.594130997479,9250.0,29470.0,3.185945945945946
75,75111,PARIS 11,Appartement,75111,Paris 11e Arrondissement,2290,9742.818993606019,9896.896258503402,30210.0,3.052472129739018
75,75112,PARIS 12,Appartement,75112,Paris 12e Arrondissement,1545,8963.718927898795,9000.0,29940.0,3.3266666666666667
75,75112,PARIS 12,Maison,75112,Paris 12e Arrondissement,5,10622.409333152036,10197.916666666666,29940.0,2.9358937691521962
75,75113,PARIS 13,Appartement,75113,Paris 13e Arrondissement,1420,8565.14907256503,8608.851732991014,25670.0,2.9818146247805517
75,75113,PARIS 13,Maison,75113,Paris 13e Arrondissement,11,11334.569422610542,10765.30612244898,25670.0,2.384511848341232
75,75114,PARIS 14,Appartement,75114,Paris 14e Arrondissement,1475,9305.573652520978,9382.203389830509,29460.0,3.1399873543492003
75,75114,PARIS 14,Maison,75114,Paris 14e Arrondissement,8,9071.44516555651,9590.238095238095,29460.0,3.0718736810745053
75,75115,PARIS 15,Appartement,75115,Paris 15e Arrondissement,2933,9436.178793893076,9447.916666666666,32780.0,3.4695479603087103
75,75115,PARIS 15,Maison,75115,Paris 15e Arrondissement,4,8966.944070080863,9291.745283018867,32780.0,3.527862527603625
75,75116,PARIS 16,Appartement,75116,Paris 16e Arrondissement,2106,10379.523722689632,10567.874692874693,41550.0,3.9317271644046614
75,75116,PARIS 16,Maison,75116,Paris 16e Arrondissement,9,10628.997069799629,11528.169014084508,41550.0,3.6042150274893094
75,75117,PARIS 17,Appartement,75117,Paris 17e Arrondissement,2356,9883.380915087448,10000.0,33390.0,3.339
75,75117,PARIS 17,Maison,75117,Paris 17e Arrondissement,2,11888.07068452381,11888.07068452381,33390.0,2.8086979700977004
75,75118,PARIS 18,Appartement,75118,Paris 18e Arrondissement,2846,8814.26097604704,8814.304330392944,24910.0,2.826088034435896
75,75118,PARIS 18,Maison,75118,Paris 18e Arrondissement,7,8687.141552941916,8711.333333333334,24910.0,2.8594933802709113
75,75119,PARIS 19,Appartement,75119,Paris 19e Arrondissement,1472,8029.433627448303,8033.646014943961,22870.0,2.846777161634689
75,75119,PARIS 19,Maison,75119,Paris 19e Arrondissement,16,10110.165555738125,10290.93567251462,22870.0,2.2223440829663303
75,75120,PARIS 20,Appartement,75120,Paris 20e Arrondissement,1927,8267.564980828947,8356.25,23570.0,2.820643231114435
75,75120,PARIS 20,Maison,75120,Paris 20e Arrondissement,22,9614.962978036372,10235.32983835736,23570.0,2.302808055258792
77,77001,ACHERES-LA-FORET,Maison,77001,Achères-la-Forêt,15,2764.4645898630383,2892.222222222222,30970.0,10.708029197080291
77,77002,AMILLIS,Maison,77002,Amillis,10,1911.0494204327817,1961.9565217391305,26310.0,13.410083102493074
77,77003,AMPONVILLE,Maison,77003,Amponville,4,2442.5583060556464,2465.667311411992,28400.0,11.51818003530104
77,77004,ANDREZEL,Maison,77004,Andrezel,9,3092.5083098778873,2859.6491228070176,28400.0,9.931288343558283
77,77005,ANNET-SUR-MARNE,Appartement,77005,Annet-sur-Marne,13,3670.766544952807,3809.5238095238096,29060.0,7.6282499999999995
77,77005,ANNET-SUR-MARNE,Maison,77005,Annet-sur-Marne,38,3306.4596613905483,3339.090909090909,29060.0,8.702967601415736
77,77006,ARBONNE-LA-FORET,Maison,77006,Arbonne-la-Forêt,12,3189.7163224548144,3145.1906028368794,31050.0,9.8722156844783
77,77007,ARGENTIERES,Maison,77007,Argentières,3,2269.2421193829646,2359.154929577465,28190.0,11.949194029850746
77,77008,ARMENTIERES-EN-BRIE,Maison,77008,Armentières-en-Brie,13,3311.061758499532,3055.5555555555557,20940.0,6.853090909090909
77,77010,AUBEPIERRE-OZOUER-LE-REPOS,Maison,77010,Aubepierre-Ozouer-le-Repos,11,2276.464725992097,2287.2340425531916,26780.0,11.70846511627907
77,77011,AUFFERVILLE,Appartement,77011,Aufferville,1,2200.0,2200.0,25570.0,11.622727272727273
77,77011,AUFFERVILLE,Maison,77011,Aufferville,7,1832.3926644132123,1885.7142857142858,25570.0,13.559848484848484
77,77012,AUGERS-EN-BRIE,Maison,77012,Augers-en-Brie,6,1430.0554462518812,1422.3980949712845,25100.0,17.646255354768822
77,77013,AULNOY,Maison,77013,Aulnoy,3,2068.032786885246,2500.0,29020.0,11.608
77,77014,AVON,Appartement,77014,Avon,185,2796.5962251627784,2702.7027027027025,24160.0,8.939200000000001
77,77014,AVON,Maison,77014,Avon,43,4002.495468895489,3886.3636363636365,24160.0,6.2166081871345025
77,77015,BABY,Maison,77015,Baby,1,1450.0,1450.0,22730.0,15.675862068965516
77,77016,BAGNEAUX-SUR-LOING,Appartement,77016,Bagneaux-sur-Loing,3,790.9356725146199,763.1578947368421,21340.0,27.962758620689655
77,77016,BAGNEAUX-SUR-LOING,Maison,77016,Bagneaux-sur-Loing,9,1892.8691094378923,1704.3478260869565,21340.0,12.520918367346939
77,77018,BAILLY-ROMAINVILLIERS,Appartement,77018,Bailly-Romainvilliers,42,4348.730771837722,4244.565217391304,26990.0,6.358719590268887
77,77018,BAILLY-ROMAINVILLIERS,Maison,77018,Bailly-Romainvilliers,45,3961.909239257166,4010.6382978723404,26990.0,6.7296021220159155
77,77019,BALLOY,Maison,77019,Balloy,3,2139.4261522659904,2151.8987341772154,23710.0,11.018176470588234
77,77020,BANNOST-VILLEGAGNON,Maison,77020,Bannost-Villegagnon,9,1864.8155456815273,1617.6470588235295,26340.0,16.28290909090909
77,77021,BARBEY,Maison,77021,Barbey,2,1865.7142857142858,1865.7142857142858,26060.0,13.967840735068913
77,77022,BARBIZON,Appartement,77022,Barbizon,5,3296.5958029509434,3355.1401869158876,37280.0,11.111309192200558
77,77022,BARBIZON,Maison,77022,Barbizon,14,5399.615948112623,4667.726679712981,37280.0,7.986757271377412
77,77023,BARCY,Maison,77023,Barcy,4,2400.911635435706,2505.243527863098,26300.0,10.497981416773944
77,77024,BASSEVELLE,Maison,77024,Bassevelle,1,2182.5396825396824,2182.5396825396824,24850.0,11.385818181818182
77,77025,BAZOCHES LES BRAY,Maison,77025,Bazoches-lès-Bray,11,1549.5245064535761,1651.7857142857142,23620.0,14.299675675675676
77,77026,BEAUCHERY-SAINT-MARTIN,Maison,77026,Beauchery-Saint-Martin,3,1513.3277783484955,1362.5786163522012,23390.0,17.16598199861528
77,77027,BEAUMONT-DU-GATINAIS,Appartement,77027,Beaumont-du-Gâtinais,2,2157.285714285714,2157.285714285714,22800.0,10.568836500893982
77,77027,BEAUMONT-DU-GATINAIS,Maison,77027,Beaumont-du-Gâtinais,18,1312.1170833389608,1317.941565115255,22800.0,17.299704784715644
77,77029,BEAUVOIR,Maison,77029,Beauvoir,1,1818.1818181818182,1818.1818181818182,24810.0,13.6455
77,77030,BELLOT,Maison,77030,Bellot,6,1787.3774453294627,1925.0298685782557,23800.0,12.36344453064391
77,77031,BERNAY VILBERT,Maison,77031,Bernay-Vilbert,11,2153.422724485341,2074.468085106383,27440.0,13.227487179487179
77,77032,BETON-BAZOCHES,Maison,77032,Beton-Bazoches,9,1901.1236158780998,1890.7563025210084,23480.0,12.41831111111111
77,77033,BEZALLES,Maison,77033,Bezalles,4,1458.9641113097246,1294.0999759673155,25580.0,19.766633548447004
77,77034,BLANDY,Appartement,77034,Blandy,1,2520.0,2520.0,28250.0,11.21031746031746
77,77034,BLANDY,Maison,77034,Blandy,7,2447.6530752495623,2446.808510638298,28250.0,11.545652173913044
77,77035,BLENNES,Maison,77035,Blennes,10,1690.8903022345162,1711.0694183864916,26060.0,15.230241228070176
77,77036,BOISDON,Maison,77036,Boisdon,1,1882.3529411764705,1882.3529411764705,27790.0,14.7634375
77,77037,BOIS LE ROI,Appartement,77037,Bois-le-Roi,13,3888.1531381530563,3795.4545454545455,33500.0,8.826347305389222
77,77037,BOIS LE ROI,Maison,77037,Bois-le-Roi,61,4468.6931152343905,4254.658385093167,33500.0,7.8737226277372265
77,77038,BOISSETTES,Maison,77038,Boissettes,5,3505.352564102564,3423.076923076923,33530.0,9.795280898876404
77,77039,BOISSISE-LA-BERTRAND,Appartement,77039,Boissise-la-Bertrand,2,2807.438596491228,2807.438596491228,31310.0,11.15251462280658
77,77039,BOISSISE-LA-BERTRAND,Maison,77039,Boissise-la-Bertrand,11,2660.3985656640684,2814.569536423841,31310.0,11.124258823529413
77,77040,BOISSISE-LE-ROI,Appartement,77040,Boissise-le-Roi,2,3296.2962962962965,3296.2962962962965,29200.0,8.858426966292134
77,77040,BOISSISE-LE-ROI,Maison,77040,Boissise-le-Roi,32,3048.6777787211313,2829.3669467787113,29200.0,10.320329794353738
77,77041,BOISSY-AUX-CAILLES,Maison,77041,Boissy-aux-Cailles,3,2132.503770739065,2076.923076923077,29860.0,14.377037037037036
77,77042,BOISSY-LE-CHATEL,Appartement,77042,Boissy-le-Châtel,1,2240.0,2240.0,25070.0,11.191964285714286
77,77042,BOISSY-LE-CHATEL,Maison,77042,Boissy-le-Châtel,33,2434.1126852777534,2291.6666666666665,25070.0,10.939636363636364
77,77043,BOITRON,Maison,77043,Boitron,9,2159.7976565604185,2058.823529411765,25300.0,12.288571428571428
77,77044,BOMBON,Maison,77044,Bombon,11,2107.7829375807273,2272.7272727272725,26870.0,11.8228
77,77045,BOUGLIGNY,Maison,77045,Bougligny,9,1824.7584050387568,1820.5,24030.0,13.199670420214227
77,77046,BOULANCOURT,Maison,77046,Boulancourt,2,3005.772292993631,3005.772292993631,25030.0,8.32731077412092
77,77047,BOULEURS,Appartement,77047,Bouleurs,5,3456.019490254873,3316.6666666666665,27400.0,8.261306532663317
77,77047,BOULEURS,Maison,77047,Bouleurs,13,2958.287103806727,2974.1573033707864,27400.0,9.212693615413675
77,77048,BOURRON-MARLOTTE,Appartement,77048,Bourron-Marlotte,1,2565.217391304348,2565.217391304348,29150.0,11.363559322033897
77,77048,BOURRON-MARLOTTE,Maison,77048,Bourron-Marlotte,30,3779.5458759349326,3741.666666666667,29150.0,7.790645879732739
77,77049,BOUTIGNY,Maison,77049,Boutigny,9,2895.571430125664,2640.449438202247,29300.0,11.096595744680851
77,77050,BRANSLES,Maison,77050,Bransles,6,1431.5299717919706,1487.6262626262628,23910.0,16.07258529960957
77,77051,BRAY-SUR-SEINE,Appartement,77051,Bray-sur-Seine,3,1653.409090909091,1687.5,20690.0,12.26074074074074
77,77051,BRAY-SUR-SEINE,Maison,77051,Bray-sur-Seine,25,1568.8665567598293,1552.0,20690.0,13.331185567010309
77,77052,BREAU,Maison,77052,Bréau,5,2290.3757735050017,2221.4285714285716,28470.0,12.816077170418005
77,77053,BRIE COMTE ROBERT,Appartement,77053,Brie-Comte-Robert,165,3498.190715249555,3556.716417910448,25040.0,7.040201426772975
77,77053,BRIE COMTE ROBERT,Maison,77053,Brie-Comte-Robert,95,3411.916037942098,3450.0,25040.0,7.257971014492754
77,77054,BROSSE-MONTCEAUX (LA),Maison,77054,La Brosse-Montceaux,9,1849.2236377988665,1892.1568627450981,23650.0,12.498963730569947
77,77055,BROU-SUR-CHANTEREINE,Appartement,77055,Brou-sur-Chantereine,68,2906.0031055647296,2752.5740025740024,22750.0,8.26499123319696
77,77055,BROU-SUR-CHANTEREINE,Maison,77055,Brou-sur-Chantereine,14,3838.3559567783136,3398.839662447257,22750.0,6.693460786443624
77,77056,BURCY,Maison,77056,Burcy,1,1529.4117647058824,1529.4117647058824,24360.0,15.927692307692308
77,77057,BUSSIERES,Maison,77057,Bussières,2,2632.255244755245,2632.255244755245,21720.0,8.25147942748979
77,77058,BUSSY-SAINT-GEORGES,Appartement,77058,Bussy-Saint-Georges,243,4371.135265657936,4316.666666666667,26270.0,6.085714285714285
77,77058,BUSSY-SAINT-GEORGES,Maison,77058,Bussy-Saint-Georges,76,4201.351484732651,4320.276497695852,26270.0,6.080629333333333
77,77059,BUSSY-SAINT-MARTIN,Appartement,77059,Bussy-Saint-Martin,1,3161.764705882353,3161.764705882353,34890.0,11.034976744186046
77,77059,BUSSY-SAINT-MARTIN,Maison,77059,Bussy-Saint-Martin,5,3594.902226320137,3630.9523809523807,34890.0,9.609049180327869
77,77060,BUTHIERS,Maison,77060,Buthiers,9,2364.1540587754675,2361.1111111111113,26030.0,11.024470588235292
77,77061,CANNES-ECLUSE,Appartement,77061,Cannes-Écluse,2,2251.089324618736,2251.089324618736,23840.0,10.590428260343577
77,77061,CANNES-ECLUSE,Maison,77061,Cannes-Écluse,22,2122.980241212252,2052.3049645390074,23840.0,11.616207343412524
77,77062,CARNETIN,Appartement,77062,Carnetin,2,3886.898395721925,3886.898395721925,29680.0,7.635908371741074
77,77062,CARNETIN,Maison,77062,Carnetin,4,2780.2248285728383,3112.5843041079092,29680.0,9.535484697018196
77,77063,CELLE-SUR-MORIN (LA),Maison,77063,La Celle-sur-Morin,19,2193.336491339099,2277.777777777778,26850.0,11.78780487804878
77,77065,CELY EN BIERE,Maison,77065,Cély,14,3552.4471596054204,3470.3334064487826,30920.0,8.909806747254484
77,77067,CESSON,Appartement,77067,Cesson,27,3585.110913725927,3620.689655172414,27030.0,7.465428571428571
77,77067,CESSON,Maison,77067,Cesson,94,2784.765547081246,2737.13601914639,27030.0,9.875285631011367
77,77068,CESSOY-EN-MONTOIS,Maison,77068,Cessoy-en-Montois,4,1796.5016832421043,1658.2633053221289,26430.0,15.938361486486487
77,77069,CHAILLY-EN-BIERE,Appartement,77069,Chailly-en-Bière,3,3189.99518999519,3363.6363636363635,27330.0,8.125135135135135
77,77069,CHAILLY-EN-BIERE,Maison,77069,Chailly-en-Bière,22,3242.7503139579553,2929.8076923076924,27330.0,9.328257302264522
77,77070,CHAILLY-EN-BRIE,Maison,77070,Chailly-en-Brie,16,2141.2976991532973,2031.6709651147007,24550.0,12.083649577880342
77,77071,CHAINTREAUX,Maison,77071,Chaintreaux,3,1826.8292682926829,2066.6666666666665,25760.0,12.464516129032258
77,77072,CHALAUTRE-LA-GRANDE,Maison,77072,Chalautre-la-Grande,6,1527.9178942466685,1670.0089126559715,23400.0,14.011901267511675
77,77073,CHALAUTRE-LA-PETITE,Maison,77073,Chalautre-la-Petite,5,1157.634921475697,1117.3469387755101,27540.0,24.647671232876714
77,77075,CHALIFERT,Appartement,77075,Chalifert,4,3987.223663433341,4377.41935483871,28210.0,6.444436256448046
77,77075,CHALIFERT,Maison,77075,Chalifert,11,3348.3557667546283,3359.1304347826085,28210.0,8.398006730520322
77,77076,CHALMAISON,Maison,77076,Chalmaison,11,1968.3043290521566,1898.73417721519,24330.0,12.8138
77,77077,CHAMBRY,Maison,77077,Chambry,8,2752.1790797141216,2660.1655366922237,25570.0,9.612183771012594
77,77078,CHAMIGNY,Appartement,77078,Chamigny,2,1640.4665314401623,1640.4665314401623,24710.0,15.062788253477589
77,77078,CHAMIGNY,Maison,77078,Chamigny,12,2603.7892177750077,2542.789855072464,24710.0,9.717672874424702
77,77079,CHAMPAGNE SUR SEINE,Appartement,77079,Champagne-sur-Seine,22,2438.5259277727296,2424.6444032158315,21180.0,8.735301544386774
77,77079,CHAMPAGNE SUR SEINE,Maison,77079,Champagne-sur-Seine,35,2492.544968070526,2435.897435897436,21180.0,8.694947368421053
77,77080,CHAMPCENEST,Maison,77080,Champcenest,2,2171.4285714285716,2171.4285714285716,25090.0,11.554605263157894
77,77081,CHAMPDEUIL,Appartement,77081,Champdeuil,1,2076.923076923077,2076.923076923077,26330.0,12.677407407407406
77,77081,CHAMPDEUIL,Maison,77081,Champdeuil,9,3096.8278701283475,2829.816513761468,26330.0,9.304490192899983
77,77082,CHAMPEAUX,Appartement,77082,Champeaux,4,2407.203193461409,2553.5368217054265,26650.0,10.436505075419788
77,77082,CHAMPEAUX,Maison,77082,Champeaux,9,2549.109281798926,2610.0,26650.0,10.210727969348659
77,77083,CHAMPS-SUR-MARNE,Appartement,77083,Champs-sur-Marne,128,3429.5399584785246,3388.177339901478,23750.0,7.009668508287293
77,77083,CHAMPS-SUR-MARNE,Maison,77083,Champs-sur-Marne,72,3859.969629493618,3774.8796147672556,23750.0,6.291591368130115
77,77084,CHANGIS-SUR-MARNE,Appartement,77084,Changis-sur-Marne,3,2232.6388888888887,2333.3333333333335,25770.0,11.044285714285714
77,77084,CHANGIS-SUR-MARNE,Maison,77084,Changis-sur-Marne,12,2728.76332018598,2822.222222222222,25770.0,9.131102362204725
77,77085,CHANTELOUP EN BRIE,Appartement,77085,Chanteloup-en-Brie,23,4096.570725047246,4166.666666666667,27450.0,6.587999999999999
77,77085,CHANTELOUP EN BRIE,Maison,77085,Chanteloup-en-Brie,30,3786.415765683269,3794.2890442890443,27450.0,7.234556903701428
77,77086,CHAPELLE-GAUTHIER (LA),Appartement,77086,La Chapelle-Gauthier,1,1953.125,1953.125,25220.0,12.91264
77,77086,CHAPELLE-GAUTHIER (LA),Maison,77086,La Chapelle-Gauthier,11,2607.8745034269,2530.120481927711,25220.0,9.967904761904762
77,77087,CHAPELLE-IGER (LA),Maison,77087,La Chapelle-Iger,3,2400.895067507125,2201.8348623853212,29010.0,13.175374999999999
77,77088,CHAPELLE-LA-REINE (LA),Appartement,77088,La Chapelle-la-Reine,2,2883.9760638297876,2883.9760638297876,24530.0,8.505618443804034
77,77088,CHAPELLE-LA-REINE (LA),Maison,77088,La Chapelle-la-Reine,18,2724.553803115443,2137.5,24530.0,11.476023391812866
77,77089,CHAPELLE-RABLAIS (LA),Maison,77089,La Chapelle-Rablais,8,2392.6304592452393,2426.1675824175827,27110.0,11.174001415428165
77,77090,CHAPELLE-SAINT-SULPICE (LA),Maison,77090,La Chapelle-Saint-Sulpice,1,1883.5616438356165,1883.5616438356165,25070.0,13.309890909090909
77,77091,CHAPELLES-BOURBON (LES),Maison,77091,Les Chapelles-Bourbon,4,3142.301798626131,3052.8853155339802,30250.0,9.908659144868327
77,77093,LA CHAPELLE-MOUTILS,Maison,77093,La Chapelle-Moutils,6,1398.6851999759267,1330.1139601139603,20800.0,15.637757834086575
77,77094,CHARMENTRAY,Maison,77094,Charmentray,4,3425.3492801723737,3132.8405636916277,28430.0,9.074831425988402
77,77095,CHARNY,Appartement,77095,Charny,1,4184.313725490196,4184.313725490196,28060.0,6.705998125585755
77,77095,CHARNY,Maison,77095,Charny,13,3121.133562420623,3333.3333333333335,28060.0,8.418
77,77096,CHARTRETTES,Appartement,77096,Chartrettes,3,2987.919896640827,2916.6666666666665,31160.0,10.683428571428571
77,77096,CHARTRETTES,Maison,77096,Chartrettes,31,3187.684718854908,3190.909090909091,31160.0,9.765242165242165
77,77097,CHARTRONGES,Maison,77097,Chartronges,1,2077.669902912621,2077.669902912621,23660.0,11.387757009345796
77,77098,CHATEAUBLEAU,Maison,77098,Châteaubleau,7,1679.445952087703,1600.0,24310.0,15.19375
77,77099,CHATEAU-LANDON,Appartement,77099,Château-Landon,1,1362.0689655172414,1362.0689655172414,22160.0,16.269367088607595
77,77099,CHATEAU-LANDON,Maison,77099,Château-Landon,23,1860.4016700007546,1563.106796116505,22160.0,14.176894409937887
77,77100,CHATELET-EN-BRIE (LE),Appartement,77100,Le Châtelet-en-Brie,3,3396.428571428571,2629.7619047619046,26670.0,10.141602535083749
77,77100,CHATELET-EN-BRIE (LE),Maison,77100,Le Châtelet-en-Brie,56,2696.513595460059,2763.1870567375886,26670.0,9.651898135151393
77,77101,CHATENAY-SUR-SEINE,Maison,77101,Châtenay-sur-Seine,13,1747.510467225665,1716.2162162162163,24140.0,14.065826771653542
77,77102,CHATENOY,Maison,77102,Châtenoy,2,1290.1002506265663,1290.1002506265663,25410.0,19.696143759106363
77,77103,CHATILLON-LA-BORDE,Maison,77103,Châtillon-la-Borde,7,2759.6382036430123,3256.6666666666665,27950.0,8.582395087001023
77,77104,CHATRES,Maison,77104,Châtres,11,2922.3890343386847,3101.818181818182,30620.0,9.871629542790151
77,77106,CHAUFFRY,Maison,77106,Chauffry,12,2308.7034893574973,2244.3373901284654,25380.0,11.308460176991149
77,77107,CHAUMES-EN-BRIE,Appartement,77107,Chaumes-en-Brie,12,2937.5316141816165,2982.6676033721396,26440.0,8.864547953686662
77,77107,CHAUMES-EN-BRIE,Maison,77107,Chaumes-en-Brie,28,3136.6684411716883,2685.6671204901295,26440.0,9.844853741656094
77,77108,CHELLES,Appartement,77108,Chelles,306,3301.9202572477134,3271.733851384167,23830.0,7.283599792176947
77,77108,CHELLES,Maison,77108,Chelles,255,3904.196469442777,3644.8598130841124,23830.0,6.537974358974359
77,77109,CHENOISE-CUCHARMOY,Maison,77109,Chenoise-Cucharmoy,15,2103.2850482552876,2057.2916666666665,23080.0,11.218632911392406
77,77110,CHENOU,Maison,77110,Chenou,3,1991.0493827160492,1958.3333333333333,26660.0,13.613617021276596
77,77111,CHESSY,Appartement,77111,Chessy,76,4661.354141624521,4786.015672091621,27230.0,5.689492443324937
77,77111,CHESSY,Maison,77111,Chessy,33,4683.128810507904,4335.111111111111,27230.0,6.281269222882919
77,77112,CHEVRAINVILLIERS,Maison,77112,Chevrainvilliers,5,2396.2068289693634,2427.2727272727275,26950.0,11.102996254681647
77,77113,CHEVRU,Appartement,77113,Chevru,1,1362.5,1362.5,23460.0,17.21834862385321
77,77113,CHEVRU,Maison,77113,Chevru,10,2134.8628655958973,1988.473458359822,23460.0,11.797995040552772
77,77114,CHEVRY-COSSIGNY,Appartement,77114,Chevry-Cossigny,12,3635.829250443043,3584.4017094017095,28480.0,7.9455380029806255
77,77114,CHEVRY-COSSIGNY,Maison,77114,Chevry-Cossigny,38,3308.6586424177044,3464.5608628659475,28480.0,8.220378029797644
77,77115,CHEVRY-EN-SEREINE,Maison,77115,Chevry-en-Sereine,3,1555.6586270871985,1285.7142857142858,24350.0,18.938888888888886
77,77116,CHOISY-EN-BRIE,Appartement,77116,Choisy-en-Brie,2,1740.0839054157132,1740.0839054157132,24430.0,14.03955287671233
77,77116,CHOISY-EN-BRIE,Maison,77116,Choisy-en-Brie,16,1998.405828477786,2074.6753246753246,24430.0,11.775336463223788
77,77117,CITRY,Appartement,77117,Citry,1,2090.909090909091,2090.909090909091,23110.0,11.052608695652173
77,77117,CITRY,Maison,77117,Citry,10,2034.6116951928277,2187.4761359297445,23110.0,10.564686681794377
77,77118,CLAYE-SOUILLY,Appartement,77118,Claye-Souilly,67,3860.7127635815286,3906.25,27510.0,7.04256
77,77118,CLAYE-SOUILLY,Maison,77118,Claye-Souilly,106,3317.4417315596784,3285.7111989134464,27510.0,8.372616561399948
77,77119,CLOS-FONTAINE,Maison,77119,Clos-Fontaine,2,1661.6666666666665,1661.6666666666665,25330.0,15.243731193580743
77,77120,COCHEREL,Maison,77120,Cocherel,5,2164.3931005488785,2110.091743119266,23200.0,10.994782608695653
77,77121,COLLEGIEN,Appartement,77121,Collégien,29,3604.132556974134,3454.5454545454545,26810.0,7.760789473684211
77,77121,COLLEGIEN,Maison,77121,Collégien,13,3997.216053063608,4071.9424460431655,26810.0,6.584081272084806
77,77122,COMBS LA VILLE,Appartement,77122,Combs-la-Ville,107,3066.5048252083884,3058.139534883721,24650.0,8.060456273764258
77,77122,COMBS LA VILLE,Maison,77122,Combs-la-Ville,140,3427.221862303742,3203.96836506159,24650.0,7.6935840780457125
77,77123,COMPANS,Maison,77123,Compans,4,2819.0481298685236,2724.742132361449,26040.0,9.556867672256363
77,77124,CONCHES SUR GONDOIRE,Maison,77124,Conches-sur-Gondoire,23,3728.181288457117,3574.6575342465753,31060.0,8.68894424219199
77,77125,CONDE-SAINTE-LIBIAIRE,Appartement,77125,Condé-Sainte-Libiaire,4,3095.4516057585824,2930.4380952380952,29670.0,10.124766002807966
77,77125,CONDE-SAINTE-LIBIAIRE,Maison,77125,Condé-Sainte-Libiaire,17,3480.7783048429505,3486.238532110092,29670.0,8.510605263157894
77,77126,CONGIS-SUR-THEROUANNE,Maison,77126,Congis-sur-Thérouanne,23,2627.601431492263,2500.0,25660.0,10.264
77,77127,COUBERT,Appartement,77127,Coubert,9,3103.530576177635,3080.0,26930.0,8.743506493506494
77,77127,COUBERT,Maison,77127,Coubert,9,3203.9624875893655,3584.242424242424,26930.0,7.513442678390261
77,77128,COUILLY-PONT-AUX-DAMES,Appartement,77128,Couilly-Pont-aux-Dames,1,4605.0,4605.0,28840.0,6.262757871878393
77,77128,COUILLY-PONT-AUX-DAMES,Maison,77128,Couilly-Pont-aux-Dames,28,3130.802815192764,3021.3903743315504,28840.0,9.545274336283187
77,77129,COULOMBS-EN-VALOIS,Maison,77129,Coulombs-en-Valois,6,1429.4195488206617,1389.7882938978828,24540.0,17.657365591397852
77,77130,COULOMMES,Maison,77130,Coulommes,6,3192.5756792277284,3208.026208026208,25710.0,8.014273678835844
77,77131,COULOMMIERS,Appartement,77131,Coulommiers,80,2484.2125981904824,2453.389830508475,21030.0,8.571813471502589
77,77131,COULOMMIERS,Maison,77131,Coulommiers,81,2502.655920147732,2441.176470588235,21030.0,8.614698795180724
77,77132,COUPVRAY,Appartement,77132,Coupvray,12,4082.5192885574156,4169.451871657754,30190.0,7.24075991983968
77,77132,COUPVRAY,Maison,77132,Coupvray,26,3529.4711549741132,3458.228840125392,30190.0,8.729902327373264
77,77133,COURCELLES-EN-BASSEE,Maison,77133,Courcelles-en-Bassée,2,1538.2262996941895,1538.2262996941895,25930.0,16.857077534791255
77,77134,COURCHAMP,Maison,77134,Courchamp,1,2222.222222222222,2222.222222222222,25580.0,11.511000000000001
77,77135,COURPALAY,Maison,77135,Courpalay,26,2414.96399314516,2316.0166964818127,26530.0,11.455012410014522
77,77136,COURQUETAINE,Maison,77136,Courquetaine,3,2885.708616780045,2916.6666666666665,32790.0,11.242285714285714
77,77137,COURTACON,Maison,77137,Courtacon,2,3206.7647058823527,3206.7647058823527,21940.0,6.841786664220857
77,77138,COURTOMER,Maison,77138,Courtomer,7,3096.3469059746726,3039.8888888888887,27640.0,9.09243758909317
77,77139,COURTRY,Appartement,77139,Courtry,8,3301.678772715866,3588.2925298179534,26930.0,7.504962256063959
77,77139,COURTRY,Maison,77139,Courtry,46,3268.096106367729,3320.343137254902,26930.0,8.110607514578874
77,77140,COUTENCON,Maison,77140,Coutençon,2,1964.5522388059703,1964.5522388059703,26040.0,13.254928774928773
77,77141,COUTEVROULT,Appartement,77141,Coutevroult,9,3796.5295088657076,3693.548387096774,27100.0,7.337117903930131
77,77141,COUTEVROULT,Maison,77141,Coutevroult,10,3000.74008994068,3189.3439550140583,27100.0,8.497045280235554
77,77142,CRECY LA CHAPELLE,Appartement,77142,Crécy-la-Chapelle,14,3049.431246039235,3075.2741774675974,26890.0,8.74393580807262
77,77142,CRECY LA CHAPELLE,Maison,77142,Crécy-la-Chapelle,43,3038.562445859037,2993.2432432432433,26890.0,8.983566591422122
77,77143,CREGY-LES-MEAUX,Appartement,77143,Crégy-lès-Meaux,6,3179.0873801757425,2875.633445945946,24800.0,8.624186797855938
77,77143,CREGY-LES-MEAUX,Maison,77143,Crégy-lès-Meaux,42,2873.9854348420113,2942.7884615384614,24800.0,8.427381146871426
77,77144,CREVECOEUR-EN-BRIE,Maison,77144,Crèvecœur-en-Brie,6,3466.2619495716644,3238.026202749141,27290.0,8.42797379985076
77,77145,CRISENOY,Appartement,77145,Crisenoy,1,2300.0,2300.0,28400.0,12.347826086956522
77,77145,CRISENOY,Maison,77145,Crisenoy,8,2649.3522818319793,2734.9843119677275,28400.0,10.383971811365592
77,77146,CROISSY-BEAUBOURG,Appartement,77146,Croissy-Beaubourg,4,4409.370296667353,4404.898785425101,30400.0,6.901407156184227
77,77146,CROISSY-BEAUBOURG,Maison,77146,Croissy-Beaubourg,11,4133.837602050571,4181.818181818182,30400.0,7.269565217391304
77,77147,CROIX-EN-BRIE (LA),Maison,77147,La Croix-en-Brie,7,1826.0497248863737,1910.112359550562,24860.0,13.014941176470588
77,77148,CROUY-SUR-OURCQ,Maison,77148,Crouy-sur-Ourcq,18,2272.768438078468,2374.8090145148967,23830.0,10.034491133539749
77,77150,CUISY,Maison,77150,Cuisy,4,2519.3272890899952,2626.209401709402,26400.0,10.0525114192403
77,77151,DAGNY,Maison,77151,Dagny,5,2117.55801842268,2149.122807017544,25270.0,11.758285714285714
77,77152,DAMMARIE LES LYS,Appartement,77152,Dammarie-les-Lys,115,2526.808230561182,2531.1475409836066,20310.0,8.024028497409326
77,77152,DAMMARIE LES LYS,Maison,77152,Dammarie-les-Lys,91,2887.838711666458,2833.3333333333335,20310.0,7.168235294117647
77,77153,DAMMARTIN-EN-GOELE,Appartement,77153,Dammartin-en-Goële,63,3368.8223313032886,3395.8333333333335,25560.0,7.526871165644171
77,77153,DAMMARTIN-EN-GOELE,Maison,77153,Dammartin-en-Goële,98,3274.3787971520433,3175.3019006615564,25560.0,8.049628287210963
77,77154,DAMMARTIN-SUR-TIGEAUX,Maison,77154,Dammartin-sur-Tigeaux,8,2965.1951943262666,3044.258345540051,27550.0,9.04982326495442
77,77155,DAMPMART,Appartement,77155,Dampmart,7,3300.8973329693795,3167.7419354838707,26590.0,8.39399185336049
77,77155,DAMPMART,Maison,77155,Dampmart,17,3069.0193066049796,3000.0,26590.0,8.863333333333333
77,77156,DARVAULT,Maison,77156,Darvault,12,1941.4325219164846,2000.0,24720.0,12.36
77,77157,DHUISY,Maison,77157,Dhuisy,4,1893.2454983209598,1943.2601880877742,25080.0,12.90614615260526
77,77158,DIANT,Maison,77158,Diant,2,1823.5221674876848,1823.5221674876848,23540.0,12.909083541568176
77,77159,DONNEMARIE-DONTILLY,Appartement,77159,Donnemarie-Dontilly,4,1029.9218980253463,1135.057471264368,23170.0,20.41306329113924
77,77159,DONNEMARIE-DONTILLY,Maison,77159,Donnemarie-Dontilly,37,1932.4469481350652,1950.0,23170.0,11.882051282051282
77,77161,DORMELLES,Maison,77161,Dormelles,8,2866.8104994760233,2392.6297169811323,26610.0,11.121654057517434
77,77162,DOUE,Maison,77162,Doue,20,1896.3468185793797,1917.2539417104636,25380.0,13.237683046491705
77,77163,DOUY-LA-RAMEE,Maison,77163,Douy-la-Ramée,2,2318.0555555555557,2318.0555555555557,26010.0,11.220611144397843
77,77164,ECHOUBOULAINS,Maison,77164,Échouboulains,6,2350.976821206447,2176.666666666667,25160.0,11.558958652373658
77,77165,ECRENNES (LES),Maison,77165,Les Écrennes,5,3065.0221343696953,2802.0833333333335,28120.0,10.03539033457249
77,77167,EGLIGNY,Maison,77167,Égligny,4,1833.7202242710446,1873.063604884272,24590.0,13.128224762831426
77,77168,EGREVILLE,Appartement,77168,Égreville,1,1382.9787234042553,1382.9787234042553,22690.0,16.406615384615385
77,77168,EGREVILLE,Maison,77168,Égreville,16,1922.6715988000797,2094.265789473684,22690.0,10.834345914470717
77,77169,EMERAINVILLE,Appartement,77169,Émerainville,50,3864.942405241094,3858.1932773109243,26240.0,6.801110808603322
77,77169,EMERAINVILLE,Maison,77169,Émerainville,28,3743.3412548468973,3539.130434782609,26240.0,7.414250614250614
77,77171,ESBLY,Appartement,77171,Esbly,34,3437.76591457888,3538.970588235294,27620.0,7.804529399542904
77,77171,ESBLY,Maison,77171,Esbly,53,3412.667103635544,3176.470588235294,27620.0,8.695185185185185
77,77172,ESMANS,Maison,77172,Esmans,4,2223.696790605716,1983.2144767338207,24000.0,12.101565555091089
77,77173,ETREPILLY,Maison,77173,Étrépilly,12,2502.965176562984,2728.046594982079,25840.0,9.471978978485794
77,77174,EVERLY,Maison,77174,Everly,6,2151.286833828939,2167.2979797979797,24140.0,11.138293038159045
77,77175,EVRY-GREGY-SUR-YERRE,Maison,77175,Évry-Grégy-sur-Yerre,38,3111.5553502429725,3179.3084595049268,29590.0,9.307055410599471
77,77176,FAREMOUTIERS,Appartement,77176,Faremoutiers,3,3112.726645335341,2942.4242424242425,24820.0,8.435221421215243
77,77176,FAREMOUTIERS,Maison,77176,Faremoutiers,48,2783.9484575629535,2798.2482863670984,24820.0,8.86983478947225
77,77177,FAVIERES,Maison,77177,Favières,12,3237.413695152583,3349.75,28690.0,8.564818270020151
77,77178,FAY-LES-NEMOURS,Appartement,77178,Faÿ-lès-Nemours,1,1620.0,1620.0,26090.0,16.104938271604937
77,77178,FAY-LES-NEMOURS,Maison,77178,Faÿ-lès-Nemours,4,2553.772342965543,2419.933277731443,26090.0,10.781288988454246
77,77179,FERICY,Maison,77179,Féricy,3,2004.5934959349595,2523.7804878048782,29840.0,11.823532254167672
77,77180,FEROLLES-ATTILLY,Maison,77180,Férolles-Attilly,8,3895.5401739805857,3656.4625850340135,34290.0,9.377916279069767
77,77181,FERRIERES-EN-BRIE,Appartement,77181,Ferrières-en-Brie,37,4599.233109242611,4584.694444444444,29080.0,6.342843640373465
77,77181,FERRIERES-EN-BRIE,Maison,77181,Ferrières-en-Brie,15,3975.16040122167,3963.963963963964,29080.0,7.336090909090909
77,77182,FERTE-GAUCHER (LA),Appartement,77182,La Ferté-Gaucher,17,1594.8355160360388,1681.3333333333333,19200.0,11.419508326724822
77,77182,FERTE-GAUCHER (LA),Maison,77182,La Ferté-Gaucher,21,1729.1733234139128,1796.116504854369,19200.0,10.689729729729729
77,77183,LA FERTE SOUS JOUARRE,Appartement,77183,La Ferté-sous-Jouarre,44,2573.676679424403,2529.1153415453527,21220.0,8.3902855877795
77,77183,LA FERTE SOUS JOUARRE,Maison,77183,La Ferté-sous-Jouarre,76,2484.3018964652288,2421.142369991475,21220.0,8.764457746478874
77,77184,FLAGY,Maison,77184,Flagy,6,2175.618768459146,2384.0885142255006,25780.0,10.813356906077347
77,77185,FLEURY-EN-BIERE,Maison,77185,Fleury-en-Bière,5,2957.9897087039944,3050.0,32710.0,10.724590163934426
77,77186,FONTAINEBLEAU,Appartement,77186,Fontainebleau,182,4583.964245046236,4552.0,27340.0,6.006151142355009
77,77186,FONTAINEBLEAU,Maison,77186,Fontainebleau,60,5728.946127610105,5488.632057597575,27340.0,4.981204736097207
77,77187,FONTAINE-FOURCHES,Maison,77187,Fontaine-Fourches,6,1291.7527152541545,1313.9038634321653,21280.0,16.196009915377385
77,77188,FONTAINE-LE-PORT,Maison,77188,Fontaine-le-Port,8,3583.600525786395,3537.3071528751752,31180.0,8.814614805122716
77,77190,FONTAINS,Maison,77190,Fontains,2,1649.0100472813238,1649.0100472813238,25990.0,15.760971282648628
77,77191,FONTENAILLES,Maison,77191,Fontenailles,8,2450.4991252489494,2306.7039800995026,27010.0,11.709348157813857
77,77192,FONTENAY-TRESIGNY,Appartement,77192,Fontenay-Trésigny,28,2892.2989876508805,2962.152777777778,24880.0,8.399296682686671
77,77192,FONTENAY-TRESIGNY,Maison,77192,Fontenay-Trésigny,43,2670.9265136775116,2598.0392156862745,24880.0,9.57645283018868
77,77193,FORFRY,Maison,77193,Forfry,3,2708.6658870862957,2628.865979381443,28170.0,10.71564705882353
77,77194,FORGES,Maison,77194,Forges,4,2199.81715673857,2081.081081081081,23650.0,11.364285714285716
77,77195,FOUJU,Appartement,77195,Fouju,2,3350.112612612613,3350.112612612613,28330.0,8.456432148979797
77,77195,FOUJU,Maison,77195,Fouju,9,3054.613479100982,2905.982905982906,28330.0,9.748852941176471
77,77196,FRESNES-SUR-MARNE,Appartement,77196,Fresnes-sur-Marne,2,3674.6031746031745,3674.6031746031745,29260.0,7.962764578833694
77,77196,FRESNES-SUR-MARNE,Maison,77196,Fresnes-sur-Marne,6,3681.1789714505812,3629.0090976149495,29260.0,8.062807012313693
77,77198,FROMONT,Maison,77198,Fromont,1,2087.5,2087.5,25670.0,12.297005988023953
77,77199,FUBLAINES,Maison,77199,Fublaines,18,2894.8283431487935,2853.9236111111113,25230.0,8.840460866497146
77,77200,GARENTREVILLE,Maison,77200,Garentreville,1,1500.0,1500.0,28720.0,19.14666666666667
77,77201,GASTINS,Maison,77201,Gastins,10,2269.706523361696,2291.25,25850.0,11.282051282051283
77,77202,GENEVRAYE (LA),Maison,77202,La Genevraye,9,1943.3453119487126,1800.0,26640.0,14.8
77,77203,GERMIGNY-L EVEQUE,Maison,77203,Germigny-l'Évêque,18,2962.0195447824426,2978.2505910165482,29410.0,9.874924591204953
77,77204,GERMIGNY-SOUS-COULOMBS,Maison,77204,Germigny-sous-Coulombs,3,1877.1712158808932,2000.0,22900.0,11.45
77,77205,GESVRES-LE-CHAPITRE,Maison,77205,Gesvres-le-Chapitre,2,2464.2857142857147,2464.2857142857147,32080.0,13.017971014492751
77,77206,GIREMOUTIERS,Maison,77206,Giremoutiers,3,2836.565656565657,2873.3333333333335,27540.0,9.584686774941995
77,77207,GIRONVILLE,Maison,77207,Gironville,2,1507.907300997127,1507.907300997127,26120.0,17.322019717477158
77,77208,GOUAIX,Appartement,77208,Gouaix,6,1197.9767033075857,1149.3055555555557,22600.0,19.664048338368577
77,77208,GOUAIX,Maison,77208,Gouaix,11,1744.7314792495565,1778.7610619469026,22600.0,12.705472636815921
77,77209,GOUVERNES,Appartement,77209,Gouvernes,3,4419.642857142858,4571.428571428572,33280.0,7.279999999999999
77,77209,GOUVERNES,Maison,77209,Gouvernes,11,3742.777989225002,3693.979057591623,33280.0,9.009255190985755
77,77210,GRANDE-PAROISSE (LA),Maison,77210,La Grande-Paroisse,18,2246.3203191505822,2264.4557823129253,23940.0,10.572076605332331
77,77211,GRANDPUITS-BAILLY-CARROIS,Maison,77211,Grandpuits-Bailly-Carrois,13,1939.7352718655156,2000.0,24730.0,12.365
77,77212,GRAVON,Maison,77212,Gravon,1,1238.095238095238,1238.095238095238,26980.0,21.79153846153846
77,77214,GRESSY,Appartement,77214,Gressy,1,3404.255319148936,3404.255319148936,34290.0,10.0726875
77,77214,GRESSY,Maison,77214,Gressy,7,4149.828933407055,3472.222222222222,34290.0,9.87552
77,77215,GRETZ-ARMAINVILLIERS,Appartement,77215,Gretz-Armainvilliers,45,3317.075676469648,3333.3333333333335,24260.0,7.278
77,77215,GRETZ-ARMAINVILLIERS,Maison,77215,Gretz-Armainvilliers,51,3259.741747257296,3214.285714285714,24260.0,7.547555555555555
77,77216,GREZ-SUR-LOING,Maison,77216,Grez-sur-Loing,16,2700.0007747658474,2726.599140577041,26740.0,9.807088839007301
77,77217,GRISY-SUISNES,Appartement,77217,Grisy-Suisnes,12,3120.1656700012754,2987.9792583280955,29270.0,9.79591806684021
77,77217,GRISY-SUISNES,Maison,77217,Grisy-Suisnes,28,2958.3781925469934,2856.492537313433,29270.0,10.246832301382032
77,77218,GRISY-SUR-SEINE,Maison,77218,Grisy-sur-Seine,5,1613.1679174484052,1400.0,25060.0,17.9
77,77219,GUERARD,Maison,77219,Guérard,45,3045.7624400445175,2886.6666666666665,27850.0,9.647806004618937
77,77220,GUERCHEVILLE,Maison,77220,Guercheville,4,2166.3210317460316,2250.4,26550.0,11.797902595094206
77,77221,GUERMANTES,Appartement,77221,Guermantes,2,4802.254098360656,4802.254098360656,32090.0,6.682278643055259
77,77221,GUERMANTES,Maison,77221,Guermantes,12,4181.099060540002,3991.40350877193,32090.0,8.039778471275987
77,77222,GUIGNES,Appartement,77222,Guignes,24,2540.3083477137075,2744.565217391304,24510.0,8.930376237623763
77,77222,GUIGNES,Maison,77222,Guignes,33,3317.7358344959453,2903.2258064516127,24510.0,8.442333333333334
77,77223,GURCY-LE-CHATEL,Maison,77223,Gurcy-le-Châtel,4,2009.370253164557,2239.240506329114,26700.0,11.92368569813454
77,77224,HAUTEFEUILLE,Maison,77224,Hautefeuille,1,2666.6666666666665,2666.6666666666665,28070.0,10.526250000000001
77,77225,LA HAUTE-MAISON,Maison,77225,La Haute-Maison,3,2392.4582524271846,2844.1747572815534,26480.0,9.31025772316095
77,77226,HERICY,Appartement,77226,Héricy,1,4450.0,4450.0,29650.0,6.662921348314606
77,77226,HERICY,Maison,77226,Héricy,30,3332.302365236688,2938.3313253012047,29650.0,10.090761291856905
77,77227,HERME,Maison,77227,Hermé,6,2065.3631516140763,1768.097643097643,23360.0,13.211940014282314
77,77228,HONDEVILLIERS,Maison,77228,Hondevilliers,2,2390.417771883289,2390.417771883289,22030.0,9.215962272002221
77,77229,HOUSSAYE-EN-BRIE (LA),Appartement,77229,La Houssaye-en-Brie,7,3455.8032224313274,3421.0526315789475,28440.0,8.313230769230769
77,77229,HOUSSAYE-EN-BRIE (LA),Maison,77229,La Houssaye-en-Brie,22,2874.196372745583,2956.3492063492063,28440.0,9.619973154362416
77,77230,ICHY,Maison,77230,Ichy,1,1447.9166666666667,1447.9166666666667,25220.0,17.418129496402877
77,77231,ISLES-LES-MELDEUSES,Maison,77231,Isles-les-Meldeuses,11,2853.977506246434,2766.6666666666665,23960.0,8.660240963855422
77,77232,ISLES-LES-VILLENOY,Maison,77232,Isles-lès-Villenoy,9,3208.0128771145814,3280.0,28620.0,8.725609756097562
77,77233,IVERNY,Appartement,77233,Iverny,2,2301.8867924528304,2301.8867924528304,25240.0,10.964918032786885
77,77233,IVERNY,Maison,77233,Iverny,6,3043.678696140831,2248.561151079137,25240.0,11.224956007038873
77,77234,JABLINES,Maison,77234,Jablines,7,3411.549285859899,3338.7096774193546,30560.0,9.153236714975845
77,77235,JAIGNES,Maison,77235,Jaignes,2,1412.0939420544337,1412.0939420544337,25350.0,17.952063418046166
77,77236,JAULNES,Maison,77236,Jaulnes,7,1777.9419306537002,1770.8333333333333,25940.0,14.648470588235295
77,77237,JOSSIGNY,Maison,77237,Jossigny,5,2409.487838713191,2403.846153846154,27560.0,11.46496
77,77238,JOUARRE,Appartement,77238,Jouarre,5,2284.9925832104286,2190.4761904761904,23900.0,10.910869565217391
77,77238,JOUARRE,Maison,77238,Jouarre,23,2346.2335719070566,2241.3793103448274,23900.0,10.663076923076924
77,77239,JOUY-LE-CHATEL,Appartement,77239,Jouy-le-Châtel,2,1691.7613636363635,1691.7613636363635,25040.0,14.801141897565072
77,77239,JOUY-LE-CHATEL,Maison,77239,Jouy-le-Châtel,11,2169.449494320117,1904.7619047619048,25040.0,13.145999999999999
77,77240,JOUY-SUR-MORIN,Appartement,77240,Jouy-sur-Morin,2,3091.025641025641,3091.025641025641,23150.0,7.489423475736209
77,77240,JOUY-SUR-MORIN,Maison,77240,Jouy-sur-Morin,19,1932.612358623875,1988.6363636363637,23150.0,11.641142857142857
77,77241,JUILLY,Appartement,77241,Juilly,5,2317.7388778672475,2575.757575757576,26540.0,10.303764705882353
77,77241,JUILLY,Maison,77241,Juilly,12,2799.1125353344437,3236.960644855382,26540.0,8.199049328011132
77,77242,JUTIGNY,Maison,77242,Jutigny,5,1782.2834262142544,1500.0,22030.0,14.686666666666667
77,77243,LAGNY-SUR-MARNE,Appartement,77243,Lagny-sur-Marne,165,3786.8965438034443,3883.720930232558,25220.0,6.49377245508982
77,77243,LAGNY-SUR-MARNE,Maison,77243,Lagny-sur-Marne,99,4168.696494766664,3967.391304347826,25220.0,6.35682191780822
77,77244,LARCHANT,Appartement,77244,Larchant,1,1860.0,1860.0,26670.0,14.338709677419354
77,77244,LARCHANT,Maison,77244,Larchant,7,2754.677734800106,3000.0,26670.0,8.89
77,77245,LAVAL-EN-BRIE,Maison,77245,Laval-en-Brie,9,2051.5545910670376,1884.6153846153845,24700.0,13.106122448979592
77,77246,LECHELLE,Maison,77246,Léchelle,5,1623.871957123641,1630.4347826086957,22800.0,13.984
77,77247,LESCHEROLLES,Maison,77247,Lescherolles,5,1617.751542807475,1464.0,24710.0,16.878415300546447
77,77248,LESCHES,Maison,77248,Lesches,15,3171.4107120713597,3190.625,30970.0,9.706562193927523
77,77249,LESIGNY,Appartement,77249,Lésigny,3,3494.017011197244,3593.0232558139537,31100.0,8.655663430420711
77,77249,LESIGNY,Maison,77249,Lésigny,90,3436.7076601971103,3388.830562846311,31100.0,9.17720712890373
77,77250,LEUDON-EN-BRIE,Maison,77250,Leudon-en-Brie,1,1227.2727272727273,1227.2727272727273,26530.0,21.617037037037036
77,77251,LIEUSAINT,Appartement,77251,Lieusaint,97,3287.9485725893287,3261.8793103448274,24290.0,7.446627446627447
77,77251,LIEUSAINT,Maison,77251,Lieusaint,50,3134.0137574577557,3235.788075131042,24290.0,7.506672079881594
77,77252,LIMOGES-FOURCHES,Maison,77252,Limoges-Fourches,6,2939.949412995071,3318.2650862068967,28520.0,8.594852809846234
77,77253,LISSY,Maison,77253,Lissy,2,3759.1758241758243,3759.1758241758243,29310.0,7.796921817676893
77,77254,LIVERDY-EN-BRIE,Appartement,77254,Liverdy-en-Brie,2,3748.9423076923076,3748.9423076923076,29460.0,7.858216420015902
77,77254,LIVERDY-EN-BRIE,Maison,77254,Liverdy-en-Brie,14,2812.7535199175095,2806.0123784261714,29460.0,10.498884547517015
77,77255,LIVRY-SUR-SEINE,Maison,77255,Livry-sur-Seine,15,3000.7565517240055,3101.818181818182,27370.0,8.823856975381007
77,77256,LIZINES,Maison,77256,Lizines,2,1177.5559588626738,1177.5559588626738,23680.0,20.10944772668893
77,77257,LIZY-SUR-OURCQ,Appartement,77257,Lizy-sur-Ourcq,10,2041.646065684338,1933.9460784313724,19220.0,9.938229516507192
77,77257,LIZY-SUR-OURCQ,Maison,77257,Lizy-sur-Ourcq,18,2314.249541582131,2332.047364400306,19220.0,8.241685093279608
77,77258,LOGNES,Appartement,77258,Lognes,86,3606.2897651569915,3598.051948051948,22290.0,6.1950189496480785
77,77258,LOGNES,Maison,77258,Lognes,16,3278.9614516253755,3583.5106382978724,22290.0,6.220157340062342
77,77259,LONGPERRIER,Appartement,77259,Longperrier,8,3230.9542394427076,3323.0179028132993,25180.0,7.5774493958285225
77,77259,LONGPERRIER,Maison,77259,Longperrier,19,3110.62591021986,2914.782608695652,25180.0,8.638723150357995
77,77260,LONGUEVILLE,Appartement,77260,Longueville,3,1627.1671799228345,1733.3333333333333,20250.0,11.682692307692308
77,77260,LONGUEVILLE,Maison,77260,Longueville,13,2063.92155094609,2101.010101010101,20250.0,9.638221153846153
77,77261,LORREZ-LE-BOCAGE-PREAUX,Maison,77261,Lorrez-le-Bocage-Préaux,12,1786.8793372858752,1795.1075779148869,23490.0,13.08556673092812
77,77262,LOUAN-VILLEGRUIS-FONTAINE,Maison,77262,Louan-Villegruis-Fontaine,7,1722.9028300475613,1927.0833333333333,23160.0,12.018162162162163
77,77263,LUISETAINES,Maison,77263,Luisetaines,1,2616.279069767442,2616.279069767442,24560.0,9.387377777777777
77,77264,LUMIGNY NESLES ORMEAUX,Appartement,77264,Lumigny-Nesles-Ormeaux,1,2578.125,2578.125,28250.0,10.957575757575757
77,77264,LUMIGNY NESLES ORMEAUX,Maison,77264,Lumigny-Nesles-Ormeaux,17,2338.550967534893,2419.1176470588234,28250.0,11.677811550151976
77,77265,LUZANCY,Appartement,77265,Luzancy,1,2135.593220338983,2135.593220338983,24780.0,11.603333333333333
77,77265,LUZANCY,Maison,77265,Luzancy,14,1699.8273985339304,1742.8125,24780.0,14.218396987627758
77,77266,MACHAULT,Maison,77266,Machault,7,2768.440873392471,2688.1720430107525,27190.0,10.11468
77,77267,MADELEINE-SUR-LOING (LA),Maison,77267,La Madeleine-sur-Loing,5,2122.311465831358,2213.1147540983607,25440.0,11.495111111111111
77,77268,MAGNY-LE-HONGRE,Appartement,77268,Magny-le-Hongre,71,4962.474733395519,4826.388888888889,29460.0,6.103942446043166
77,77268,MAGNY-LE-HONGRE,Maison,77268,Magny-le-Hongre,46,4584.492870349705,4708.611938908549,29460.0,6.256620928253603
77,77269,MAINCY,Appartement,77269,Maincy,5,2342.392433839736,2315.7894736842104,27900.0,12.047727272727274
77,77269,MAINCY,Maison,77269,Maincy,17,3190.0131206888245,3115.942028985507,27900.0,8.953953488372093
77,77270,MAISONCELLES-EN-BRIE,Maison,77270,Maisoncelles-en-Brie,15,2645.3004317777536,2562.5,28010.0,10.930731707317074
77,77271,MAISONCELLES-EN-GATINAIS,Maison,77271,Maisoncelles-en-Gâtinais,3,1272.9883764529434,1268.5714285714287,23160.0,18.256756756756754
77,77272,MAISON-ROUGE,Maison,77272,Maison-Rouge,10,1949.8438724705907,1983.888888888889,25210.0,12.707364883786054
77,77273,MARCHEMORET,Maison,77273,Marchémoret,13,3176.3853905304777,3253.012048192771,27050.0,8.31537037037037
77,77274,MARCILLY,Appartement,77274,Marcilly,2,2764.655172413793,2764.655172413793,26100.0,9.440598690364828
77,77274,MARCILLY,Maison,77274,Marcilly,15,2782.8083499105983,2738.095238095238,26100.0,9.532173913043477
77,77275,MARETS (LES),Maison,77275,Les Marêts,4,1867.250233426704,1777.7777777777778,24460.0,13.75875
77,77276,MAREUIL-LES-MEAUX,Appartement,77276,Mareuil-lès-Meaux,2,3572.463768115942,3572.463768115942,26130.0,7.314279918864098
77,77276,MAREUIL-LES-MEAUX,Maison,77276,Mareuil-lès-Meaux,23,3132.5543183222185,2960.0,26130.0,8.827702702702704
77,77277,MARLES-EN-BRIE,Appartement,77277,Marles-en-Brie,3,2831.8080859199276,2921.875,27010.0,9.244064171122995
77,77277,MARLES-EN-BRIE,Maison,77277,Marles-en-Brie,14,2631.6625472353176,2730.613425925926,27010.0,9.891550280809579
77,77278,MAROLLES-EN-BRIE,Maison,77278,Marolles-en-Brie,6,1808.5083435083434,1869.7115384615386,25320.0,13.542195937258935
77,77279,MAROLLES-SUR-SEINE,Maison,77279,Marolles-sur-Seine,15,1936.5883282814805,1940.7894736842106,24000.0,12.366101694915253
77,77280,MARY-SUR-MARNE,Appartement,77280,Mary-sur-Marne,1,2666.6666666666665,2666.6666666666665,24690.0,9.258750000000001
77,77280,MARY-SUR-MARNE,Maison,77280,Mary-sur-Marne,15,2406.3113856397326,2213.6363636363635,24690.0,11.15359342915811
77,77281,MAUPERTHUIS,Maison,77281,Mauperthuis,7,2512.6031375759244,2692.3076923076924,26400.0,9.805714285714286
77,77282,MAUREGARD,Maison,77282,Mauregard,3,3602.366583597135,3800.29702970297,24730.0,6.50738608238022
77,77283,MAY-EN-MULTIEN,Appartement,77283,May-en-Multien,1,2666.6666666666665,2666.6666666666665,24880.0,9.33
77,77283,MAY-EN-MULTIEN,Maison,77283,May-en-Multien,13,2038.8095208945354,2187.5,24880.0,11.373714285714286
77,77284,MEAUX,Appartement,77284,Meaux,427,3008.747414236225,3061.2244897959185,20010.0,6.5366
77,77284,MEAUX,Maison,77284,Meaux,131,3165.3349001957126,2978.3132530120483,20010.0,6.718567961165048
77,77285,LE MEE SUR SEINE,Appartement,77285,Le Mée-sur-Seine,63,1949.2601752866267,1792.6829268292684,19130.0,10.671156462585033
77,77285,LE MEE SUR SEINE,Maison,77285,Le Mée-sur-Seine,60,2695.1737207632573,2675.78125,19130.0,7.149313868613139
77,77286,MEIGNEUX,Maison,77286,Meigneux,2,1414.9659863945578,1414.9659863945578,27690.0,19.569375
77,77287,MEILLERAY,Maison,77287,Meilleray,6,1636.5901332293681,1452.124183006536,21800.0,15.012490154157758
77,77288,MELUN,Appartement,77288,Melun,345,2670.292665781004,2637.0967741935483,19260.0,7.30348623853211
77,77288,MELUN,Maison,77288,Melun,70,2927.4617839861044,2868.5185185185182,19260.0,6.71426726920594
77,77289,MELZ-SUR-SEINE,Maison,77289,Melz-sur-Seine,2,1230.6485911749069,1230.6485911749069,24570.0,19.965081970754046
77,77290,MERY-SUR-MARNE,Maison,77290,Méry-sur-Marne,9,2286.5737356393506,2272.7272727272725,24150.0,10.626000000000001
77,77291,LE MESNIL-AMELOT,Maison,77291,Le Mesnil-Amelot,4,3717.6790281329922,3820.6521739130435,22710.0,5.944011379800854
77,77292,MESSY,Appartement,77292,Messy,4,4008.503968253968,3900.793650793651,29210.0,7.48821973550356
77,77292,MESSY,Maison,77292,Messy,14,3668.5083179889793,3379.4191919191917,29210.0,8.643497104427425
77,77293,MISY-SUR-YONNE,Maison,77293,Misy-sur-Yonne,14,1796.2442212041708,1780.8908045977012,24790.0,13.92
77,77294,MITRY MORY,Appartement,77294,Mitry-Mory,33,3177.221006994648,3141.304347826087,22810.0,7.261314878892733
77,77294,MITRY MORY,Maison,77294,Mitry-Mory,108,3518.0371347945875,3333.3333333333335,22810.0,6.843
77,77295,MOISENAY,Appartement,77295,Moisenay,1,3012.8205128205127,3012.8205128205127,29350.0,9.741702127659575
77,77295,MOISENAY,Maison,77295,Moisenay,15,2980.9020453439944,2686.274509803922,29350.0,10.925912408759123
77,77296,MOISSY-CRAMAYEL,Appartement,77296,Moissy-Cramayel,93,3144.925619870112,3177.4193548387098,22780.0,7.169340101522843
77,77296,MOISSY-CRAMAYEL,Maison,77296,Moissy-Cramayel,87,3034.557019023076,2938.144329896907,22780.0,7.753192982456141
77,77297,MONDREVILLE,Maison,77297,Mondreville,2,1303.695652173913,1303.695652173913,25620.0,19.65182591295648
77,77298,MONS-EN-MONTOIS,Maison,77298,Mons-en-Montois,5,1924.9475962633855,2025.0,24790.0,12.241975308641976
77,77300,MONTCEAUX-LES-MEAUX,Maison,77300,Montceaux-lès-Meaux,6,2762.4640995638765,2778.5714285714284,28160.0,10.134704370179948
77,77301,MONTCEAUX-LES-PROVINS,Maison,77301,Montceaux-lès-Provins,3,1488.7345679012344,1348.148148148148,23470.0,17.409065934065936
77,77302,MONCOURT FROMONVILLE,Appartement,77302,Moncourt-Fromonville,3,2190.537988581467,2195.4545454545455,26920.0,12.261697722567288
77,77302,MONCOURT FROMONVILLE,Maison,77302,Moncourt-Fromonville,22,2400.078838161767,2478.2056074766356,26920.0,10.862698364810234
77,77303,MONTDAUPHIN,Maison,77303,Montdauphin,1,579.7101449275362,579.7101449275362,23520.0,40.571999999999996
77,77305,MONTEREAU FAULT YONNE,Appartement,77305,Montereau-Fault-Yonne,94,2165.173028412378,2000.0,16280.0,8.14
77,77305,MONTEREAU FAULT YONNE,Maison,77305,Montereau-Fault-Yonne,42,2093.7071146472786,1984.848484848485,16280.0,8.202137404580153
77,77306,MONTEREAU-SUR-LE-JARD,Maison,77306,Montereau-sur-le-Jard,3,3325.8379788450547,3181.818181818182,30320.0,9.529142857142856
77,77307,MONTEVRAIN,Appartement,77307,Montévrain,165,4590.171695635804,4555.555555555556,26710.0,5.863170731707317
77,77307,MONTEVRAIN,Maison,77307,Montévrain,51,4323.806893303938,4330.935251798561,26710.0,6.167259136212625
77,77308,MONTGE-EN-GOELE,Maison,77308,Montgé-en-Goële,7,2876.8539989799706,2615.3846153846152,28440.0,10.874117647058824
77,77309,MONTHYON,Appartement,77309,Monthyon,1,2764.705882352941,2764.705882352941,26360.0,9.534468085106383
77,77309,MONTHYON,Maison,77309,Monthyon,24,2510.0841966606367,2424.7999807210335,26360.0,10.870999756508429
77,77310,MONTIGNY-LE-GUESDIER,Maison,77310,Montigny-le-Guesdier,1,769.2307692307693,769.2307692307693,25100.0,32.629999999999995
77,77311,MONTIGNY-LENCOUP,Maison,77311,Montigny-Lencoup,19,1879.4996021445768,1758.3333333333333,25370.0,14.428436018957347
77,77312,MONTIGNY-SUR-LOING,Appartement,77312,Montigny-sur-Loing,6,2278.342838484348,2444.3638122883403,28710.0,11.745387431964375
77,77312,MONTIGNY-SUR-LOING,Maison,77312,Montigny-sur-Loing,32,3532.8747473136923,3495.5654101995565,28710.0,8.213263558515699
77,77313,MONTMACHOUX,Maison,77313,Montmachoux,6,1550.3890727841053,1651.1108273748723,26040.0,15.771200556779956
77,77314,MONTOLIVET,Maison,77314,Montolivet,1,568.0993023255813,568.0993023255813,23470.0,41.31319982954176
77,77315,MONTRY,Appartement,77315,Montry,4,3379.1581850968887,3449.8577235772354,28360.0,8.220628870048841
77,77315,MONTRY,Maison,77315,Montry,40,3530.751118085033,3559.0476190476193,28360.0,7.968423869413968
77,77316,MORET-LOING-ET-ORVANNE,Appartement,77316,Moret-Loing-et-Orvanne,33,3228.4331532150877,3181.818181818182,26620.0,8.366285714285715
77,77316,MORET-LOING-ET-ORVANNE,Maison,77316,Moret-Loing-et-Orvanne,107,3067.9135593989427,2903.2258064516127,26620.0,9.169111111111112
77,77317,MORMANT,Appartement,77317,Mormant,16,3019.823765831801,3245.1730418943534,23100.0,7.118264481365065
77,77317,MORMANT,Maison,77317,Mormant,37,2617.4931018676275,2666.6666666666665,23100.0,8.6625
77,77318,MORTCERF,Appartement,77318,Mortcerf,1,2920.6349206349205,2920.6349206349205,27860.0,9.539021739130435
77,77318,MORTCERF,Maison,77318,Mortcerf,15,2719.8217685907384,2857.1428571428573,27860.0,9.751
77,77319,MORTERY,Maison,77319,Mortery,3,1707.487922705314,1739.1304347826087,22620.0,13.006499999999999
77,77320,MOUROUX,Appartement,77320,Mouroux,2,2792.873303167421,2792.873303167421,24940.0,8.92987160273806
77,77320,MOUROUX,Maison,77320,Mouroux,64,2647.2593103289323,2550.464285714286,24940.0,9.778611737358744
77,77321,MOUSSEAUX-LES-BRAY,Maison,77321,Mousseaux-lès-Bray,8,1680.0494574869574,1637.8933566433566,23290.0,14.21948498999333
77,77322,MOUSSY-LE-NEUF,Appartement,77322,Moussy-le-Neuf,7,3742.4320957411387,3636.3636363636365,27460.0,7.5515
77,77322,MOUSSY-LE-NEUF,Maison,77322,Moussy-le-Neuf,35,3193.4733798515804,3152.1739130434785,27460.0,8.711448275862068
77,77323,MOUSSY-LE-VIEUX,Appartement,77323,Moussy-le-Vieux,15,3432.7888704852526,3413.793103448276,25860.0,7.575151515151515
77,77323,MOUSSY-LE-VIEUX,Maison,77323,Moussy-le-Vieux,9,2890.211300861023,3038.4615384615386,25860.0,8.510886075949367
77,77325,MOUY-SUR-SEINE,Maison,77325,Mouy-sur-Seine,4,1649.4446248196248,1184.2857142857142,22920.0,19.353437876960193
77,77326,NANDY,Appartement,77326,Nandy,26,3302.1585152598786,3393.065998329156,24330.0,7.17050597070048
77,77326,NANDY,Maison,77326,Nandy,44,2769.1789952273302,2775.042444821732,24330.0,8.76743346589171
77,77327,NANGIS,Appartement,77327,Nangis,8,2323.1425594927487,2271.7391304347825,19890.0,8.755406698564594
77,77327,NANGIS,Maison,77327,Nangis,50,2268.1020391486495,2252.6508620689656,19890.0,8.829597313509945
77,77328,NANTEAU-SUR-ESSONNE,Maison,77328,Nanteau-sur-Essonne,6,2863.9697082590505,3142.0439436619718,26870.0,8.551758180913188
77,77329,NANTEAU-SUR-LUNAIN,Maison,77329,Nanteau-sur-Lunain,7,2032.7143086826447,2020.8333333333333,27070.0,13.395463917525774
77,77330,NANTEUIL-LES-MEAUX,Appartement,77330,Nanteuil-lès-Meaux,27,3484.2224787420196,3472.222222222222,25510.0,7.3468800000000005
77,77330,NANTEUIL-LES-MEAUX,Maison,77330,Nanteuil-lès-Meaux,68,2959.4608042027075,2893.320964749536,25510.0,8.816857967297212
77,77331,NANTEUIL-SUR-MARNE,Appartement,77331,Nanteuil-sur-Marne,2,2073.2522796352587,2073.2522796352587,23180.0,11.180501392757659
77,77331,NANTEUIL-SUR-MARNE,Maison,77331,Nanteuil-sur-Marne,7,1479.1722494036874,1363.6363636363637,23180.0,16.998666666666665
77,77332,NANTOUILLET,Appartement,77332,Nantouillet,1,2606.060606060606,2606.060606060606,27340.0,10.49093023255814
77,77332,NANTOUILLET,Maison,77332,Nantouillet,2,2179.4871794871797,2179.4871794871797,27340.0,12.544235294117646
77,77333,NEMOURS,Appartement,77333,Nemours,42,2385.4702170084965,2385.8974358974356,19330.0,8.101773240193445
77,77333,NEMOURS,Maison,77333,Nemours,64,1980.6667645085952,1885.716966966967,19330.0,10.250743000467796
77,77335,CHAUCONIN-NEUFMONTIERS,Appartement,77335,Chauconin-Neufmontiers,4,4053.9969834087483,4182.503770739065,26410.0,6.31439956725568
77,77335,CHAUCONIN-NEUFMONTIERS,Maison,77335,Chauconin-Neufmontiers,16,2977.309597442611,2851.2106679143762,26410.0,9.262731897435897
77,77336,NEUFMOUTIERS-EN-BRIE,Appartement,77336,Neufmoutiers-en-Brie,1,3520.8333333333335,3520.8333333333335,28040.0,7.964023668639053
77,77336,NEUFMOUTIERS-EN-BRIE,Maison,77336,Neufmoutiers-en-Brie,12,3155.577382628564,3192.6993030766616,28040.0,8.7825370754393
77,77337,NOISIEL,Appartement,77337,Noisiel,59,3131.6851865989065,3118.8118811881186,21110.0,6.768603174603175
77,77337,NOISIEL,Maison,77337,Noisiel,34,3349.232224260862,3421.458837772397,21110.0,6.169882790039365
77,77338,NOISY-RUDIGNON,Maison,77338,Noisy-Rudignon,7,1807.1239202532083,1736.4864864864865,25640.0,14.76544747081712
77,77339,NOISY-SUR-ECOLE,Appartement,77339,Noisy-sur-École,1,3357.1428571428573,3357.1428571428573,33450.0,9.963829787234042
77,77339,NOISY-SUR-ECOLE,Maison,77339,Noisy-sur-École,23,3344.2897908694385,2715.625,33450.0,12.317606444188723
77,77340,NONVILLE,Maison,77340,Nonville,5,2026.2092664396907,2074.688796680498,27560.0,13.28392
77,77341,NOYEN-SUR-SEINE,Maison,77341,Noyen-sur-Seine,5,1531.6258499129215,1595.4545454545455,24270.0,15.211965811965811
77,77343,OCQUERRE,Maison,77343,Ocquerre,5,2011.639825126218,2207.7922077922076,23780.0,10.77094117647059
77,77344,OISSERY,Appartement,77344,Oissery,2,3022.4621494167286,3022.4621494167286,26690.0,8.8305489632519
77,77344,OISSERY,Maison,77344,Oissery,22,3168.893889738851,3214.6810971579644,26690.0,8.302534277380142
77,77345,ORLY-SUR-MORIN,Appartement,77345,Orly-sur-Morin,1,1000.0,1000.0,23380.0,23.38
77,77345,ORLY-SUR-MORIN,Maison,77345,Orly-sur-Morin,8,1509.7388173720658,1548.9643895348836,23380.0,15.093955779719666
77,77347,ORMES-SUR-VOULZIE (LES),Maison,77347,Les Ormes-sur-Voulzie,11,2079.2243458527005,1833.3333333333333,23880.0,13.025454545454545
77,77348,ORMESSON,Maison,77348,Ormesson,7,2366.332279439732,2151.8987341772154,27540.0,12.797999999999998
77,77349,OTHIS,Appartement,77349,Othis,15,3579.996706210515,3784.8101265822784,26870.0,7.09943143812709
77,77349,OTHIS,Maison,77349,Othis,79,2770.654403440035,2840.909090909091,26870.0,9.45824
77,77350,OZOIR LA FERRIERE,Appartement,77350,Ozoir-la-Ferrière,91,4028.1823120172235,4169.811320754717,27270.0,6.539864253393666
77,77350,OZOIR LA FERRIERE,Maison,77350,Ozoir-la-Ferrière,166,3648.3781924289874,3494.791666666667,27270.0,7.803040238450074
77,77352,OZOUER-LE-VOULGIS,Appartement,77352,Ozouer-le-Voulgis,2,4746.187363834422,4746.187363834422,27940.0,5.88683038788157
77,77352,OZOUER-LE-VOULGIS,Maison,77352,Ozouer-le-Voulgis,31,2912.317508364936,2770.344827586207,27940.0,10.08538710480458
77,77353,PALEY,Maison,77353,Paley,8,2426.149970626153,2750.355113636364,27340.0,9.940534538411878
77,77354,PAMFOU,Maison,77354,Pamfou,7,2666.705673463336,2561.2244897959185,26470.0,10.334900398406374
77,77355,PAROY,Maison,77355,Paroy,1,1611.111111111111,1611.111111111111,26470.0,16.429655172413792
77,77356,PASSY-SUR-SEINE,Maison,77356,Passy-sur-Seine,1,2169.230769230769,2169.230769230769,,
77,77357,PECY,Maison,77357,Pécy,7,2100.4069911358447,2000.0,25300.0,12.65
77,77358,PENCHARD,Maison,77358,Penchard,11,2626.585500981317,2421.875,27080.0,11.18141935483871
77,77359,PERTHES,Appartement,77359,Perthes,2,3933.823529411765,3933.823529411765,29180.0,7.417719626168224
77,77359,PERTHES,Maison,77359,Perthes,13,3804.285972646814,3436.7816091954023,29180.0,8.490501672240802
77,77360,PEZARCHES,Maison,77360,Pézarches,4,2562.3836543749658,2784.4296650717706,26490.0,9.513617934866097
77,77361,PIERRE-LEVEE,Maison,77361,Pierre-Levée,6,2159.231880001644,2232.6923076923076,25270.0,11.31817398794143
77,77363,LE PIN,Appartement,77363,Le Pin,13,3590.2584452767487,3750.0,27180.0,7.248
77,77363,LE PIN,Maison,77363,Le Pin,16,3276.5085322199966,3411.9949494949497,27180.0,7.9660141361062795
77,77365,PLESSIS-FEU-AUSSOUS (LE),Maison,77365,Le Plessis-Feu-Aussoux,5,2633.0941714574033,2464.788732394366,28320.0,11.489828571428573
77,77367,LE PLESSIS-PLACY,Maison,77367,Le Plessis-Placy,2,1910.8644859813085,1910.8644859813085,25490.0,13.339512135477165
77,77368,POIGNY,Maison,77368,Poigny,6,1942.3450554310793,1605.5729984301413,23050.0,14.356245416768516
77,77369,POINCY,Maison,77369,Poincy,10,2891.0293852097,2873.7901664730934,28610.0,9.95549373568638
77,77370,POLIGNY,Maison,77370,Poligny,11,2193.458162862673,2222.222222222222,25630.0,11.5335
77,77371,POMMEUSE,Appartement,77371,Pommeuse,2,2738.2445141065828,2738.2445141065828,25660.0,9.37096737263881
77,77371,POMMEUSE,Maison,77371,Pommeuse,38,2608.0404242982127,2514.9909420289855,25660.0,10.202820046460536
77,77372,POMPONNE,Appartement,77372,Pomponne,20,4154.935582473644,4084.1165413533836,27180.0,6.6550500517777005
77,77372,POMPONNE,Maison,77372,Pomponne,17,3104.6200814700146,3271.5083798882683,27180.0,8.308094262295082
77,77373,PONTAULT COMBAULT,Appartement,77373,Pontault-Combault,164,3745.7528029400687,3796.9107551487414,25010.0,6.586933855657676
77,77373,PONTAULT COMBAULT,Maison,77373,Pontault-Combault,193,3658.6141463473864,3544.3037974683543,25010.0,7.056392857142857
77,77374,PONTCARRE,Appartement,77374,Pontcarré,14,3889.612460933188,3958.3333333333335,28180.0,7.1191578947368415
77,77374,PONTCARRE,Maison,77374,Pontcarré,13,3515.258607975989,3675.0,28180.0,7.668027210884354
77,77376,PRECY-SUR-MARNE,Appartement,77376,Précy-sur-Marne,2,3549.0196078431372,3549.0196078431372,27610.0,7.779613259668508
77,77376,PRECY-SUR-MARNE,Maison,77376,Précy-sur-Marne,12,3136.9417075371803,3060.973815828185,27610.0,9.020005286301272
77,77377,PRESLES-EN-BRIE,Appartement,77377,Presles-en-Brie,5,3144.7359307359307,3435.714285714286,28540.0,8.306860706860707
77,77377,PRESLES-EN-BRIE,Maison,77377,Presles-en-Brie,31,3125.1996742276306,3186.274509803922,28540.0,8.95716923076923
77,77378,PRINGY,Appartement,77378,Pringy,19,2907.613429067314,2857.1428571428573,25750.0,9.0125
77,77378,PRINGY,Maison,77378,Pringy,32,2760.706205004491,2809.4812925170068,25750.0,9.165392938755126
77,77379,PROVINS,Appartement,77379,Provins,73,2121.905044010327,2063.8297872340427,19200.0,9.303092783505154
77,77379,PROVINS,Maison,77379,Provins,38,2186.6321821867487,2129.120879120879,19200.0,9.017806451612904
77,77380,PUISIEUX,Maison,77380,Puisieux,4,2134.2135025062657,2524.671052631579,24440.0,9.680469055374592
77,77381,QUIERS,Maison,77381,Quiers,10,2002.5363485071907,1953.5714285714284,26690.0,13.662157221206582
77,77382,QUINCY-VOISINS,Appartement,77382,Quincy-Voisins,14,3520.067079771076,3606.308991554893,27360.0,7.586704318479234
77,77382,QUINCY-VOISINS,Maison,77382,Quincy-Voisins,57,3057.29213423064,3176.470588235294,27360.0,8.613333333333333
77,77383,RAMPILLON,Maison,77383,Rampillon,7,1881.7689565665387,1648.936170212766,26110.0,15.834451612903225
77,77384,REAU,Appartement,77384,Réau,2,3645.9643605870024,3645.9643605870024,25660.0,7.037918493495291
77,77384,REAU,Maison,77384,Réau,13,3333.9958493438785,2956.521739130435,25660.0,8.679117647058822
77,77385,REBAIS,Maison,77385,Rebais,17,2013.731267748018,1953.7037037037037,21460.0,10.984265402843603
77,77386,RECLOSES,Maison,77386,Recloses,6,2903.531242599551,2850.877192982456,30980.0,10.86683076923077
77,77387,REMAUVILLE,Maison,77387,Remauville,7,1875.377961888901,1789.1891891891892,24580.0,13.738066465256798
77,77388,REUIL-EN-BRIE,Maison,77388,Reuil-en-Brie,9,2631.9847096056396,2653.846153846154,26470.0,9.974202898550725
77,77389,ROCHETTE(LA),Appartement,77389,La Rochette,17,2234.98813105097,2187.5,27950.0,12.777142857142858
77,77389,ROCHETTE(LA),Maison,77389,La Rochette,17,3270.603803868712,3100.0,27950.0,9.016129032258064
77,77390,ROISSY-EN-BRIE,Appartement,77390,Roissy-en-Brie,62,3234.3865309937305,3151.129943502825,24320.0,7.717866427610937
77,77390,ROISSY-EN-BRIE,Maison,77390,Roissy-en-Brie,108,3332.7250125202477,3349.41452991453,24320.0,7.260970471941135
77,77391,ROUILLY,Maison,77391,Rouilly,3,2262.2121381886086,2362.266666666667,23140.0,9.795676468928146
77,77392,ROUVRES,Maison,77392,Rouvres,16,3181.9863093950503,3371.5634711929238,27510.0,8.159419282789427
77,77393,ROZAY-EN-BRIE,Appartement,77393,Rozay-en-Brie,9,2269.1814361407023,2188.6792452830186,25690.0,11.737672413793105
77,77393,ROZAY-EN-BRIE,Maison,77393,Rozay-en-Brie,24,2645.30330645134,2769.886363636364,25690.0,9.274748717948716
77,77394,RUBELLES,Appartement,77394,Rubelles,4,5650.096970631752,4255.561172901921,25420.0,5.973360261360262
77,77394,RUBELLES,Maison,77394,Rubelles,25,2590.791373762377,2669.1729323308273,25420.0,9.523549295774647
77,77395,RUMONT,Maison,77395,Rumont,2,708.867924528302,708.867924528302,27070.0,38.18764972052169
77,77397,SAACY-SUR-MARNE,Appartement,77397,Saâcy-sur-Marne,1,1230.7692307692307,1230.7692307692307,23200.0,18.85
77,77397,SAACY-SUR-MARNE,Maison,77397,Saâcy-sur-Marne,25,2052.7584222664022,2050.0,23200.0,11.317073170731707
77,77398,SABLONNIERES,Maison,77398,Sablonnières,13,1640.077318958794,1785.7142857142858,23370.0,13.0872
77,77400,SAINT-AUGUSTIN,Appartement,77400,Saint-Augustin,1,3366.6666666666665,3366.6666666666665,27280.0,8.102970297029703
77,77400,SAINT-AUGUSTIN,Maison,77400,Saint-Augustin,23,2289.6967363588537,2354.3478260869565,27280.0,11.5870729455217
77,77401,SAINTE-AULDE,Maison,77401,Sainte-Aulde,16,2347.923510020617,2414.7058823529414,26320.0,10.89987819732034
77,77402,SAINT-BARTHELEMY,Maison,77402,Saint-Barthélemy,6,1542.7147330177634,1276.5182186234817,23620.0,18.503457025055503
77,77403,SAINT-BRICE,Maison,77403,Saint-Brice,5,2059.79671979672,2013.5135135135135,25310.0,12.570067114093959
77,77404,SAINTE-COLOMBE,Appartement,77404,Sainte-Colombe,1,2081.967213114754,2081.967213114754,23010.0,11.052047244094489
77,77404,SAINTE-COLOMBE,Maison,77404,Sainte-Colombe,18,1807.0482143099957,1752.2727272727273,23010.0,13.131517509727626
77,77405,SAINT-CYR-SUR-MORIN,Maison,77405,Saint-Cyr-sur-Morin,21,1903.371686745498,1965.8119658119658,25000.0,12.717391304347826
77,77406,SAINT-DENIS-LES-REBAIS,Maison,77406,Saint-Denis-lès-Rebais,15,2292.210071129932,2156.9767441860463,26590.0,12.327439353099733
77,77407,SAINT-FARGEAU-PONTHIERRY,Appartement,77407,Saint-Fargeau-Ponthierry,101,2680.001732794715,2809.375,25520.0,9.083870967741936
77,77407,SAINT-FARGEAU-PONTHIERRY,Maison,77407,Saint-Fargeau-Ponthierry,121,3049.114672453308,2999.324324324324,25520.0,8.508583014192386
77,77408,SAINT-FIACRE,Maison,77408,Saint-Fiacre,9,2426.525983244269,2022.5641025641025,27290.0,13.4927738336714
77,77409,SAINT-GERMAIN-LAVAL,Maison,77409,Saint-Germain-Laval,16,1975.542013307589,2141.011466011466,23190.0,10.831329195635334
77,77410,SAINT-GERMAIN-LAXIS,Maison,77410,Saint-Germain-Laxis,3,2457.9124579124577,2818.181818181818,28770.0,10.208709677419355
77,77411,SAINT-GERMAIN-SOUS-DOUE,Maison,77411,Saint-Germain-sous-Doue,1,1403.361344537815,1403.361344537815,26290.0,18.73359281437126
77,77412,SAINT-GERMAIN-SUR-ECOLE,Maison,77412,Saint-Germain-sur-École,6,2814.5823206836103,2869.207228213349,27650.0,9.636808289102776
77,77413,SAINT-GERMAIN-SUR-MORIN,Appartement,77413,Saint-Germain-sur-Morin,17,3423.004468104662,3373.4375,28340.0,8.400926354793887
77,77413,SAINT-GERMAIN-SUR-MORIN,Maison,77413,Saint-Germain-sur-Morin,29,3134.8625039679373,3156.626506024096,28340.0,8.977938931297711
77,77414,SAINT-HILLIERS,Maison,77414,Saint-Hilliers,8,1435.827282723391,1378.346253229974,25320.0,18.369839901016086
77,77415,SAINT JEAN LES DEUX JUMEAUX,Appartement,77415,Saint-Jean-les-Deux-Jumeaux,1,3320.0,3320.0,26810.0,8.075301204819278
77,77415,SAINT JEAN LES DEUX JUMEAUX,Maison,77415,Saint-Jean-les-Deux-Jumeaux,21,2675.8145624432236,2743.9024390243903,26810.0,9.770755555555555
77,77416,SAINT-JUST-EN-BRIE,Maison,77416,Saint-Just-en-Brie,2,1842.601787487587,1842.601787487587,26950.0,14.626057666397196
77,77418,SAINT-LOUP-DE-NAUD,Maison,77418,Saint-Loup-de-Naud,10,1719.1874128735758,1654.2004421518054,23870.0,14.429932063704198
77,77419,SAINT-MAMMES,Appartement,77419,Saint-Mammès,13,1760.9279900786194,1610.8080808080808,24330.0,15.104220229510252
77,77419,SAINT-MAMMES,Maison,77419,Saint-Mammès,37,2611.7205627213284,2567.5675675675675,24330.0,9.475894736842106
77,77420,SAINT-MARD,Appartement,77420,Saint-Mard,8,2953.0487691624894,2920.038377192983,26890.0,9.208783079710484
77,77420,SAINT-MARD,Maison,77420,Saint-Mard,35,3300.895209015483,3195.8762886597938,26890.0,8.413967741935483
77,77421,SAINT-MARS-VIEUX-MAISONS,Maison,77421,Saint-Mars-Vieux-Maisons,5,3330.114134532956,2507.246376811594,26010.0,10.373930635838152
77,77423,SAINT-MARTIN-DES-CHAMPS,Maison,77423,Saint-Martin-des-Champs,6,1688.4899088203522,1763.6363636363635,23220.0,13.1659793814433
77,77424,SAINT-MARTIN-DU-BOSCHET,Maison,77424,Saint-Martin-du-Boschet,5,1562.9319501417538,1509.375,25050.0,16.596273291925467
77,77425,SAINT-MARTIN-EN-BIERE,Maison,77425,Saint-Martin-en-Bière,7,3405.6368148382944,3202.247191011236,32360.0,10.10540350877193
77,77426,SAINT-MERY,Maison,77426,Saint-Méry,5,2160.5785319134666,2177.4193548387098,30090.0,13.819111111111111
77,77427,SAINT-MESMES,Maison,77427,Saint-Mesmes,10,3418.098941760728,3233.2242990654204,28770.0,8.898238210171844
77,77428,SAINT-OUEN-EN-BRIE,Maison,77428,Saint-Ouen-en-Brie,7,2391.685949320011,2632.0754716981132,27390.0,10.406236559139785
77,77429,SAINT-OUEN-SUR-MORIN,Maison,77429,Saint-Ouen-sur-Morin,8,1641.6160777716436,1703.4447821681865,25620.0,15.040111818235887
77,77430,SAINT-PATHUS,Appartement,77430,Saint-Pathus,7,2852.8614964144917,2865.3846153846152,26790.0,9.349530201342283
77,77430,SAINT-PATHUS,Maison,77430,Saint-Pathus,55,2883.5824535752017,2918.041237113402,26790.0,9.180816110227875
77,77431,SAINT-PIERRE-LES-NEMOURS,Appartement,77431,Saint-Pierre-lès-Nemours,11,2218.832976101703,2193.548387096774,24900.0,11.351470588235294
77,77431,SAINT-PIERRE-LES-NEMOURS,Maison,77431,Saint-Pierre-lès-Nemours,52,2447.7741449544183,2247.7468846663724,24900.0,11.077759764616845
77,77432,SAINT-REMY-DE-LA-VANNE,Maison,77432,Saint-Rémy-de-la-Vanne,10,1917.478374327114,1901.5015015015015,25570.0,13.447267845862287
77,77433,BEAUTHEIL-SAINTS,Appartement,77433,Beautheil-Saints,3,1510.5462810686693,1611.9402985074628,26270.0,16.29712962962963
77,77433,BEAUTHEIL-SAINTS,Maison,77433,Beautheil-Saints,31,2285.776406829664,2282.442748091603,26270.0,11.50959866220736
77,77434,SAINT-SAUVEUR-LES-BRAY,Maison,77434,Saint-Sauveur-lès-Bray,5,2328.228969760577,2183.4883720930234,24810.0,11.362551922462455
77,77435,SAINT-SAUVEUR-SUR-ECOLE,Maison,77435,Saint-Sauveur-sur-École,11,3056.359132135319,2907.2847682119204,33090.0,11.381753986332575
77,77436,SAINT-SIMEON,Maison,77436,Saint-Siméon,12,1870.7882100569357,1820.5682782018662,26230.0,14.407589275315054
77,77437,SAINT-SOUPPLETS,Appartement,77437,Saint-Soupplets,7,2846.2582895505548,2837.837837837838,25030.0,8.820095238095238
77,77437,SAINT-SOUPPLETS,Maison,77437,Saint-Soupplets,27,3032.470096700225,3089.887640449438,25030.0,8.100618181818183
77,77438,SAINT THIBAULT DES VIGNES,Appartement,77438,Saint-Thibault-des-Vignes,21,3818.968508940435,3802.2727272727275,26940.0,7.085236102809324
77,77438,SAINT THIBAULT DES VIGNES,Maison,77438,Saint-Thibault-des-Vignes,32,3513.7909811470813,3728.7784679089027,26940.0,7.224886174347585
77,77439,SALINS,Maison,77439,Salins,11,2130.6997680962654,2250.0,24010.0,10.671111111111111
77,77440,SAMMERON,Appartement,77440,Sammeron,1,1940.2985074626865,1940.2985074626865,25210.0,12.992846153846154
77,77440,SAMMERON,Maison,77440,Sammeron,10,2254.305170582904,2222.0685840707965,25210.0,11.345284380833851
77,77441,SAMOIS SUR SEINE,Appartement,77441,Samois-sur-Seine,1,4516.129032258064,4516.129032258064,32540.0,7.205285714285714
77,77441,SAMOIS SUR SEINE,Maison,77441,Samois-sur-Seine,20,4011.801356021368,3981.372549019608,32540.0,8.173060822457522
77,77442,SAMOREAU,Appartement,77442,Samoreau,1,3031.9148936170213,3031.9148936170213,28840.0,9.512140350877193
77,77442,SAMOREAU,Maison,77442,Samoreau,19,2982.271770244194,2950.617283950617,28840.0,9.774225941422594
77,77443,SANCY-LES-MEAUX,Maison,77443,Sancy,3,2765.5829112466904,2684.931506849315,28020.0,10.436020408163264
77,77444,SANCY LES PROVINS,Maison,77444,Sancy-lès-Provins,2,1756.5670289855075,1756.5670289855075,24330.0,13.850880495036739
77,77445,SAVIGNY-LE-TEMPLE,Appartement,77445,Savigny-le-Temple,116,2664.947619173958,2638.5714285714284,22240.0,8.428803465078506
77,77445,SAVIGNY-LE-TEMPLE,Maison,77445,Savigny-le-Temple,137,2827.112870418459,2828.282828282828,22240.0,7.863428571428572
77,77446,SAVINS,Maison,77446,Savins,6,2083.909221248455,1992.397716170005,24970.0,12.53263833688785
77,77447,SEINE-PORT,Appartement,77447,Seine-Port,1,3035.714285714286,3035.714285714286,33990.0,11.19670588235294
77,77447,SEINE-PORT,Maison,77447,Seine-Port,11,3099.2108266044233,3108.974358974359,33990.0,10.932865979381443
77,77448,SEPT-SORTS,Appartement,77448,Sept-Sorts,1,3789.4736842105262,3789.4736842105262,24130.0,6.367638888888889
77,77448,SEPT-SORTS,Maison,77448,Sept-Sorts,6,2002.7634603327526,1987.5511542907125,24130.0,12.140568029108742
77,77449,SERRIS,Appartement,77449,Serris,87,4902.03926534446,4817.073170731707,25790.0,5.353873417721519
77,77449,SERRIS,Maison,77449,Serris,21,4416.00080387476,4450.378787878788,25790.0,5.7950123414758705
77,77450,SERVON,Appartement,77450,Servon,4,3277.2141705786453,3910.4511494252874,28020.0,7.165413638811995
77,77450,SERVON,Maison,77450,Servon,31,3831.6110218274544,3173.076923076923,28020.0,8.830545454545454
77,77451,SIGNY-SIGNETS,Maison,77451,Signy-Signets,5,3107.1281475445007,3386.138613861386,24550.0,7.250146198830409
77,77453,SIVRY-COURTRY,Maison,77453,Sivry-Courtry,12,2361.491645184166,2423.207344305682,29320.0,12.099666200211612
77,77454,SOGNOLLES-EN-MONTOIS,Maison,77454,Sognolles-en-Montois,8,1851.7753777977766,1690.4761904761904,26200.0,15.498591549295776
77,77455,SOIGNOLLES-EN-BRIE,Appartement,77455,Soignolles-en-Brie,3,3257.830322933771,3184.0,28470.0,8.941582914572864
77,77455,SOIGNOLLES-EN-BRIE,Maison,77455,Soignolles-en-Brie,24,2928.666201134714,2801.695616211745,28470.0,10.161703446748838
77,77456,SOISY-BOUY,Maison,77456,Soisy-Bouy,10,1690.6764665377912,1694.062671797691,25360.0,14.969930228784682
77,77457,SOLERS,Appartement,77457,Solers,3,2597.6417594064656,2263.5135135135133,26730.0,11.809074626865673
77,77457,SOLERS,Maison,77457,Solers,19,2984.5523616194855,2978.723404255319,26730.0,8.973642857142858
77,77458,SOUPPES-SUR-LOING,Appartement,77458,Souppes-sur-Loing,3,1427.8302332168823,1521.4285714285713,20430.0,13.428169014084508
77,77458,SOUPPES-SUR-LOING,Maison,77458,Souppes-sur-Loing,36,1758.4674569639305,1722.2376201034738,20430.0,11.862474586272564
77,77459,SOURDUN,Maison,77459,Sourdun,19,1694.8201994849308,1665.0,22960.0,13.78978978978979
77,77460,TANCROU,Maison,77460,Tancrou,5,2038.7884708373263,1930.2325581395348,25410.0,13.16421686746988
77,77461,THENISY,Maison,77461,Thénisy,2,1554.6594982078855,1554.6594982078855,27040.0,17.39287608069164
77,77462,THIEUX,Appartement,77462,Thieux,3,3372.2775932078257,3500.0,23530.0,6.722857142857142
77,77462,THIEUX,Maison,77462,Thieux,7,2755.855370334098,2829.090909090909,23530.0,8.317159383033419
77,77463,THOMERY,Appartement,77463,Thomery,6,2723.623190052963,2552.076466710613,29480.0,11.55137801885574
77,77463,THOMERY,Maison,77463,Thomery,32,3178.9228280233274,2862.225274725275,29480.0,10.29967845659164
77,77464,THORIGNY SUR MARNE,Appartement,77464,Thorigny-sur-Marne,65,3595.5800150485693,3536.5853658536585,25580.0,7.23296551724138
77,77464,THORIGNY SUR MARNE,Maison,77464,Thorigny-sur-Marne,72,3961.906867338578,3586.7071197411005,25580.0,7.131889821504702
77,77465,THOURY FEROTTES,Maison,77465,Thoury-Férottes,5,1687.2062753311639,1656.25,25450.0,15.366037735849057
77,77466,TIGEAUX,Maison,77466,Tigeaux,5,2352.4799645604285,2696.629213483146,28790.0,10.676291666666668
77,77468,TORCY,Appartement,77468,Torcy,135,3364.525461686449,3342.1052631578946,21830.0,6.531811023622048
77,77468,TORCY,Maison,77468,Torcy,50,3592.639355783266,3673.761423761424,21830.0,5.942138718863539
77,77469,TOUQUIN,Appartement,77469,Touquin,1,2894.7368421052633,2894.7368421052633,27270.0,9.420545454545454
77,77469,TOUQUIN,Maison,77469,Touquin,19,2666.750167441139,2398.3739837398375,27270.0,11.370203389830507
77,77470,TOURNAN-EN-BRIE,Appartement,77470,Tournan-en-Brie,27,3364.8424545168828,3315.7894736842104,26380.0,7.955873015873016
77,77470,TOURNAN-EN-BRIE,Maison,77470,Tournan-en-Brie,44,3462.091115913533,3393.528005464481,26380.0,7.773620832809159
77,77471,TOUSSON,Maison,77471,Tousson,2,2213.709677419355,2213.709677419355,26640.0,12.034098360655737
77,77472,TRETOIRE (LA),Maison,77472,La Trétoire,6,1571.901786429544,1413.3333333333335,24990.0,17.681603773584904
77,77473,TREUZY-LEVELAY,Maison,77473,Treuzy-Levelay,4,1784.5470786044557,1799.863387978142,27700.0,15.390056925996205
77,77474,TRILBARDOU,Maison,77474,Trilbardou,12,2585.7896302062923,2650.1251042535446,27100.0,10.225932336742723
77,77475,TRILPORT,Appartement,77475,Trilport,14,2965.9847473332898,2995.6382978723404,25450.0,8.495685216094321
77,77475,TRILPORT,Maison,77475,Trilport,57,3087.451642215127,2952.3809523809523,25450.0,8.620161290322581
77,77476,TROCY-EN-MULTIEN,Maison,77476,Trocy-en-Multien,2,2367.1686746987953,2367.1686746987953,26620.0,11.245501972261101
77,77477,URY,Appartement,77477,Ury,1,1500.0,1500.0,28400.0,18.933333333333334
77,77477,URY,Maison,77477,Ury,9,2943.8750141381147,2650.602409638554,28400.0,10.714545454545455
77,77478,USSY-SUR-MARNE,Appartement,77478,Ussy-sur-Marne,2,1428.9424860853433,1428.9424860853433,23830.0,16.676668397818748
77,77478,USSY-SUR-MARNE,Maison,77478,Ussy-sur-Marne,14,2362.7830850961786,2062.937293729373,23830.0,11.551490233093894
77,77479,VAIRES SUR MARNE,Appartement,77479,Vaires-sur-Marne,80,3532.70193661523,3598.7804878048782,26430.0,7.344154523890206
77,77479,VAIRES SUR MARNE,Maison,77479,Vaires-sur-Marne,69,4235.296562358668,4033.3333333333335,26430.0,6.552892561983471
77,77480,VALENCE-EN-BRIE,Appartement,77480,Valence-en-Brie,1,2665.7106976744185,2665.7106976744185,24790.0,9.299583792654971
77,77480,VALENCE-EN-BRIE,Maison,77480,Valence-en-Brie,12,2300.987395417304,2247.21706864564,24790.0,11.031422084623323
77,77481,VANVILLE,Maison,77481,Vanvillé,2,1954.059739994157,1954.059739994157,28150.0,14.40590552266543
77,77482,VARENNES-SUR-SEINE,Appartement,77482,Varennes-sur-Seine,1,923.0769230769231,923.0769230769231,21350.0,23.129166666666666
77,77482,VARENNES-SUR-SEINE,Maison,77482,Varennes-sur-Seine,34,2343.0682020481727,2355.6372549019607,21350.0,9.063364894391842
77,77483,VARREDDES,Appartement,77483,Varreddes,1,3571.4285714285716,3571.4285714285716,25970.0,7.271599999999999
77,77483,VARREDDES,Maison,77483,Varreddes,31,2821.6695216979124,2933.3333333333335,25970.0,8.853409090909091
77,77484,VAUCOURTOIS,Maison,77484,Vaucourtois,5,2105.586957790755,2385.714285714286,27560.0,11.552095808383234
77,77485,VAUDOUE (LE),Maison,77485,Le Vaudoué,18,3403.741424130814,3113.350419384902,30120.0,9.674465107577175
77,77486,VAUDOY-EN-BRIE,Maison,77486,Vaudoy-en-Brie,12,2702.0098381031858,2369.5903689806128,26780.0,11.301531416807975
77,77487,VAUX-LE-PENIL,Appartement,77487,Vaux-le-Pénil,52,2354.8266784728708,2319.040697674419,26950.0,11.62118458163585
77,77487,VAUX-LE-PENIL,Maison,77487,Vaux-le-Pénil,82,2966.076003792497,2898.1880931837795,26950.0,9.298913367073533
77,77489,VAUX-SUR-LUNAIN,Maison,77489,Vaux-sur-Lunain,4,1336.2280244402639,1271.7197704334058,24120.0,18.966442577030815
77,77490,VENDREST,Maison,77490,Vendrest,10,2528.255773047402,2468.095238095238,24520.0,9.93478680300984
77,77492,VERDELOT,Maison,77492,Verdelot,1,507.8125,507.8125,24250.0,47.753846153846155
77,77493,VERNEUIL-L ETANG,Appartement,77493,Verneuil-l'Étang,4,2494.969992660075,2410.992616899098,25360.0,10.51848928206873
77,77493,VERNEUIL-L ETANG,Maison,77493,Verneuil-l'Étang,21,3029.1679139332214,2786.1111111111113,25360.0,9.102293120638086
77,77494,VERNOU-LA-CELLE-SUR-SEINE,Appartement,77494,Vernou-la-Celle-sur-Seine,2,1765.3061224489797,1765.3061224489797,25910.0,14.677341040462426
77,77494,VERNOU-LA-CELLE-SUR-SEINE,Maison,77494,Vernou-la-Celle-sur-Seine,21,2453.933552075773,2586.206896551724,25910.0,10.018533333333334
77,77495,VERT-SAINT-DENIS,Appartement,77495,Vert-Saint-Denis,12,3194.9639999090036,3198.1132075471696,25270.0,7.901533923303835
77,77495,VERT-SAINT-DENIS,Maison,77495,Vert-Saint-Denis,57,2984.9097708930067,2991.7355371900826,25270.0,8.446602209944752
77,77496,VIEUX-CHAMPAGNE,Maison,77496,Vieux-Champagne,3,1932.1538990037789,2000.0,26090.0,13.045
77,77498,VIGNELY,Maison,77498,Vignely,1,4033.684210526316,4033.684210526316,30280.0,7.50678496868476
77,77500,VILLEBEON,Maison,77500,Villebéon,9,2079.33878693322,2063.4920634920636,24860.0,12.04753846153846
77,77501,VILLECERF,Maison,77501,Villecerf,10,2446.822461715382,2306.8568425076455,26150.0,11.335770611397761
77,77504,VILLEMARECHAL,Maison,77504,Villemaréchal,15,2674.5475982402963,2661.2903225806454,27010.0,10.14921212121212
77,77505,VILLEMAREUIL,Maison,77505,Villemareuil,9,1853.9614717540219,1746.1538461538462,26350.0,15.090308370044053
77,77506,VILLEMER,Maison,77506,Villemer,8,2188.5696785877026,1983.2058530096442,26520.0,13.37228808585562
77,77507,VILLENAUXE-LA-PETITE,Maison,77507,Villenauxe-la-Petite,4,1767.1150848715408,1818.972437784319,23050.0,12.671989702096358
77,77508,VILLENEUVE-LE-COMTE,Appartement,77508,Villeneuve-le-Comte,2,4453.940886699507,4453.940886699507,28520.0,6.4033180335121385
77,77508,VILLENEUVE-LE-COMTE,Maison,77508,Villeneuve-le-Comte,18,3462.597136250978,3275.5775577557756,28520.0,8.706861460957178
77,77509,VILLENEUVE-LES-BORDES,Maison,77509,Villeneuve-les-Bordes,15,2162.3398645512093,2336.9565217391305,25220.0,10.791813953488372
77,77510,VILLENEUVE-SAINT-DENIS,Appartement,77510,Villeneuve-Saint-Denis,11,4019.0269939421996,4131.578947368421,29270.0,7.0844585987261155
77,77510,VILLENEUVE-SAINT-DENIS,Maison,77510,Villeneuve-Saint-Denis,16,3698.085812753368,3841.898546997557,29270.0,7.618629081935154
77,77511,VILLENEUVE SOUS DAMMARTIN,Appartement,77511,Villeneuve-sous-Dammartin,5,2863.6190997471786,2962.962962962963,21480.0,7.249499999999999
77,77511,VILLENEUVE SOUS DAMMARTIN,Maison,77511,Villeneuve-sous-Dammartin,6,2504.3036273194725,2431.5476190476193,21480.0,8.833880048959607
77,77512,VILLENEUVE-SUR-BELLOT,Appartement,77512,Villeneuve-sur-Bellot,1,600.0,600.0,23060.0,38.43333333333333
77,77512,VILLENEUVE-SUR-BELLOT,Maison,77512,Villeneuve-sur-Bellot,9,1607.3327460387,1788.4615384615386,23060.0,12.893763440860214
77,77513,VILLENOY,Appartement,77513,Villenoy,30,3467.345297073589,3573.196678775298,24730.0,6.9209736331883445
77,77513,VILLENOY,Maison,77513,Villenoy,34,3099.0137766833677,2973.3791394335512,24730.0,8.317136443188753
77,77514,VILLEPARISIS,Appartement,77514,Villeparisis,133,3190.0240619764973,3158.7301587301586,22650.0,7.170603015075377
77,77514,VILLEPARISIS,Maison,77514,Villeparisis,132,3644.187134253288,3493.119266055046,22650.0,6.484175968483257
77,77515,VILLEROY,Maison,77515,Villeroy,7,3397.4469512940063,3127.2727272727275,27460.0,8.780813953488371
77,77516,VILLE-SAINT-JACQUES,Maison,77516,Ville-Saint-Jacques,15,2607.9079997261406,2468.217054263566,26590.0,10.772958542713567
77,77517,VILLEVAUDE,Appartement,77517,Villevaudé,8,3506.6091384001957,3352.5641025641025,28000.0,8.351816443594647
77,77517,VILLEVAUDE,Maison,77517,Villevaudé,22,2972.1209072481324,2912.486263736264,28000.0,9.613779247178451
77,77518,VILLIERS-EN-BIERE,Maison,77518,Villiers-en-Bière,3,2128.2031331050935,2275.132275132275,32110.0,14.11346511627907
77,77519,VILLIERS-SAINT-GEORGES,Appartement,77519,Villiers-Saint-Georges,1,1955.8823529411766,1955.8823529411766,21690.0,11.089624060150376
77,77519,VILLIERS-SAINT-GEORGES,Maison,77519,Villiers-Saint-Georges,18,1612.4710336272071,1520.0559701492539,21690.0,14.269211414544337
77,77520,VILLIERS-SOUS-GREZ,Maison,77520,Villiers-sous-Grez,4,2044.5963596228673,1645.2023346303502,28330.0,17.219766471073775
77,77521,VILLIERS-SUR-MORIN,Appartement,77521,Villiers-sur-Morin,2,3326.034426910299,3326.034426910299,28030.0,8.427453358033432
77,77521,VILLIERS-SUR-MORIN,Maison,77521,Villiers-sur-Morin,30,3103.5893481777102,2967.391304347826,28030.0,9.446007326007326
77,77522,VILLIERS-SUR-SEINE,Maison,77522,Villiers-sur-Seine,3,3289.4901341429445,2169.811320754717,22840.0,10.526260869565217
77,77523,VILLUIS,Maison,77523,Villuis,2,1618.5185185185185,1618.5185185185185,25120.0,15.520366132723112
77,77524,VIMPELLES,Maison,77524,Vimpelles,6,1408.5971486296737,1327.7770918220356,25120.0,18.918838225721462
77,77525,VINANTES,Maison,77525,Vinantes,6,2457.517290426918,2693.930429292929,27000.0,10.022530539916964
77,77526,VINCY-MANOEUVRE,Maison,77526,Vincy-Manœuvre,3,2409.2197450316007,2512.5174825174827,26540.0,10.563110579197861
77,77527,VOINSLES,Maison,77527,Voinsles,4,2863.5738831615117,2968.8144329896904,27280.0,9.18885319906242
77,77528,VOISENON,Appartement,77528,Voisenon,1,1944.4444444444443,1944.4444444444443,29720.0,15.284571428571429
77,77528,VOISENON,Maison,77528,Voisenon,10,3062.515911800149,2858.276041666667,29720.0,10.39787605072259
77,77529,VOULANGIS,Maison,77529,Voulangis,19,3126.546978503447,3116.6666666666665,29750.0,9.545454545454547
77,77530,VOULTON,Maison,77530,Voulton,1,2324.6,2324.6,24160.0,10.393185924460123
77,77531,VOULX,Appartement,77531,Voulx,2,1241.6666666666667,1241.6666666666667,22730.0,18.306040268456375
77,77531,VOULX,Maison,77531,Voulx,27,2090.37177700226,1983.4710743801652,22730.0,11.459708333333333
77,77533,VULAINES-SUR-SEINE,Maison,77533,Vulaines-sur-Seine,24,3241.798684491718,3100.9316770186333,30280.0,9.764807210816224
77,77534,YEBLES,Maison,77534,Yèbles,8,2972.6906728302138,2965.873015873016,27590.0,9.302488627241102
78,78003,ABLIS,Appartement,78003,Ablis,3,2994.7552447552443,3522.7272727272725,26630.0,7.5594838709677425
78,78003,ABLIS,Maison,78003,Ablis,27,2565.2415013765794,2561.5384615384614,26630.0,10.396096096096096
78,78005,ACHERES,Appartement,78005,Achères,100,3575.892161679601,3591.1707789066277,23420.0,6.521550057591659
78,78005,ACHERES,Maison,78005,Achères,72,3757.33831901329,3677.315753887762,23420.0,6.368775913583084
78,78006,ADAINVILLE,Maison,78006,Adainville,7,3133.5208780196467,3113.2075471698113,30450.0,9.780909090909091
78,78007,AIGREMONT,Appartement,78007,Aigremont,2,2070.0,2070.0,41170.0,19.88888888888889
78,78007,AIGREMONT,Maison,78007,Aigremont,18,4756.817253736458,5035.0,41170.0,8.176762661370407
78,78009,ALLAINVILLE AUX BOIS,Maison,78009,Allainville,6,2296.963261963262,2204.004329004329,26680.0,12.105239381291431
78,78010,ALLUETS-LE-ROI (LES),Maison,78010,Les Alluets-le-Roi,23,3733.03070305874,3220.4166666666665,34380.0,10.675637210505887
78,78013,ANDELU,Maison,78013,Andelu,6,2772.26471929529,2687.6872827520074,31070.0,11.56012464671353
78,78015,ANDRESY,Appartement,78015,Andrésy,99,3258.3645477921514,3084.9056603773583,29500.0,9.562691131498472
78,78015,ANDRESY,Maison,78015,Andrésy,78,3788.4265986636583,3679.465004022526,29500.0,8.017469922325533
78,78020,ARNOUVILLE-LES-MANTES,Maison,78020,Arnouville-lès-Mantes,4,3268.9857867565634,3373.4757751937987,30750.0,9.115227750000216
78,78029,AUBERGENVILLE,Appartement,78029,Aubergenville,77,2213.9363216393153,1816.0919540229886,23070.0,12.703101265822784
78,78029,AUBERGENVILLE,Maison,78029,Aubergenville,69,3132.4433903069244,3147.9591836734694,23070.0,7.328557536466775
78,78030,AUFFARGIS,Appartement,78030,Auffargis,2,3538.690476190476,3538.690476190476,32530.0,9.192666105971405
78,78030,AUFFARGIS,Maison,78030,Auffargis,19,3240.6105827507668,3411.764705882353,32530.0,9.534655172413792
78,78031,AUFFREVILLE-BRASSEUIL,Maison,78031,Auffreville-Brasseuil,9,2847.790094089665,3045.185185185185,28790.0,9.454269034298225
78,78033,AULNAY-SUR-MAULDRE,Appartement,78033,Aulnay-sur-Mauldre,1,2884.6153846153848,2884.6153846153848,28930.0,10.029066666666667
78,78033,AULNAY-SUR-MAULDRE,Maison,78033,Aulnay-sur-Mauldre,9,3620.382456327861,3767.4418604651164,28930.0,7.678950617283951
78,78034,AUTEUIL-LE-ROI,Maison,78034,Auteuil,7,3460.9691395175346,3465.5208333333335,32720.0,9.441582253749736
78,78036,AUTOUILLET,Maison,78036,Autouillet,9,3473.8173338224788,3363.907284768212,33110.0,9.842720740230337
78,78043,BAILLY,Appartement,78043,Bailly,29,3946.3165612113257,3806.122448979592,38230.0,10.044343163538874
78,78043,BAILLY,Maison,78043,Bailly,17,5760.035728440581,5469.69696969697,38230.0,6.989418282548476
78,78048,BAZAINVILLE,Maison,78048,Bazainville,14,3088.386007505784,3120.2927376580983,31990.0,10.252243199466518
78,78049,BAZEMONT,Maison,78049,Bazemont,19,3565.5037707530673,3358.208955223881,34090.0,10.151244444444444
78,78050,BAZOCHES-SUR-GUYONNE,Maison,78050,Bazoches-sur-Guyonne,5,4192.099221267455,4111.607142857143,36490.0,8.874875135722041
78,78053,BEHOUST,Maison,78053,Béhoust,4,4188.681028342666,4032.1430395913158,32830.0,8.142072262229947
78,78057,BENNECOURT,Appartement,78057,Bennecourt,2,1901.4146772767463,1901.4146772767463,26070.0,13.71084398976982
78,78057,BENNECOURT,Maison,78057,Bennecourt,22,2074.387704035895,2083.9529220779223,26070.0,12.509879529334782
78,78062,BEYNES,Appartement,78062,Beynes,39,2762.3760583877697,2500.0,29850.0,11.94
78,78062,BEYNES,Maison,78062,Beynes,71,3726.5703213294933,3646.25,29850.0,8.186492972231745
78,78068,BLARU,Maison,78068,Blaru,8,2545.147321271265,2083.378042722305,26910.0,12.916522804875722
78,78070,BOINVILLE-EN-MANTOIS,Maison,78070,Boinville-en-Mantois,6,2429.905268781445,2246.492877587699,28030.0,12.477226293322962
78,78071,BOINVILLE-LE-GAILLARD,Maison,78071,Boinville-le-Gaillard,5,2174.6738185627064,1983.1088082901554,26570.0,13.398155405758478
78,78072,BOINVILLIERS,Maison,78072,Boinvilliers,7,2402.9836615287677,2464.516129032258,30620.0,12.42434554973822
78,78073,BOIS D ARCY,Appartement,78073,Bois-d'Arcy,145,3322.1847065759034,3127.906976744186,27520.0,8.798215613382899
78,78073,BOIS D ARCY,Maison,78073,Bois-d'Arcy,45,4470.002133790017,4313.725490196079,27520.0,6.379636363636363
78,78076,BOISSETS,Maison,78076,Boissets,7,2636.6062489698666,2818.181818181818,27650.0,9.811290322580646
78,78077,BOISSIERE-ECOLE (LA),Maison,78077,La Boissière-École,5,2962.8435187994914,2936.71875,27710.0,9.435700984304336
78,78082,BOISSY-MAUVOISIN,Maison,78082,Boissy-Mauvoisin,9,2502.629978943698,2600.0,27790.0,10.688461538461539
78,78084,BOISSY-SANS-AVOIR,Maison,78084,Boissy-sans-Avoir,8,4465.470861998862,3813.3952768099107,31530.0,8.268222335025381
78,78087,BONNELLES,Appartement,78087,Bonnelles,5,3149.125920135496,3055.5555555555557,30380.0,9.942545454545455
78,78087,BONNELLES,Maison,78087,Bonnelles,22,2998.8627779280373,3025.4528161442395,30380.0,10.041472085728149
78,78089,BONNIERES-SUR-SEINE,Appartement,78089,Bonnières-sur-Seine,16,2326.166558650867,2223.6735445836403,20720.0,9.317914516035493
78,78089,BONNIERES-SUR-SEINE,Maison,78089,Bonnières-sur-Seine,28,2400.75018266519,2404.3502613890964,20720.0,8.617712790327465
78,78090,BOUAFLE,Appartement,78090,Bouafle,4,2109.581906392694,2059.375,28450.0,13.814871016691958
78,78090,BOUAFLE,Maison,78090,Bouafle,30,3067.9957374325936,3125.4826254826253,28450.0,9.102594193946882
78,78092,BOUGIVAL,Appartement,78092,Bougival,57,4287.946900301671,4175.438596491228,31630.0,7.575252100840336
78,78092,BOUGIVAL,Maison,78092,Bougival,27,5795.524481845436,5454.545454545455,31630.0,5.798833333333333
78,78096,BOURDONNE,Appartement,78096,Bourdonné,1,5024.791666666667,5024.791666666667,32020.0,6.372403499315892
78,78096,BOURDONNE,Maison,78096,Bourdonné,7,2793.6678103238746,3231.5384615384614,32020.0,9.90859319209712
78,78104,BREUIL-BOIS-ROBERT,Appartement,78104,Breuil-Bois-Robert,1,2947.5,2947.5,28740.0,9.750636132315522
78,78104,BREUIL-BOIS-ROBERT,Maison,78104,Breuil-Bois-Robert,12,2581.4613693668775,2562.8426127732646,28740.0,11.21411040098959
78,78107,BREVAL,Appartement,78107,Bréval,1,2162.162162162162,2162.162162162162,27310.0,12.630875
78,78107,BREVAL,Maison,78107,Bréval,25,2543.058920825211,2440.4761904761904,27310.0,11.190439024390244
78,78108,BREVIAIRES (LES),Appartement,78108,Les Bréviaires,1,2033.8983050847457,2033.8983050847457,32520.0,15.989
78,78108,BREVIAIRES (LES),Maison,78108,Les Bréviaires,7,4416.012009295015,3714.285714285714,32520.0,8.755384615384616
78,78113,BRUEIL-EN-VEXIN,Maison,78113,Brueil-en-Vexin,7,2662.1556953419276,2616.906474820144,30950.0,11.826941580756014
78,78117,BUC,Appartement,78117,Buc,38,5376.257540879668,5362.745098039215,35400.0,6.601096892138941
78,78117,BUC,Maison,78117,Buc,27,5301.084127320868,5519.318181818182,35400.0,6.413835701050031
78,78118,BUCHELAY,Appartement,78118,Buchelay,7,3096.6825828083893,3130.4347826086955,24140.0,7.711388888888889
78,78118,BUCHELAY,Maison,78118,Buchelay,17,2868.1574531878073,2979.7979797979797,24140.0,8.101220338983051
78,78120,BULLION,Appartement,78120,Bullion,1,3151.1627906976746,3151.1627906976746,33250.0,10.551660516605166
78,78120,BULLION,Maison,78120,Bullion,21,3835.911329589958,3166.6666666666665,33250.0,10.5
78,78123,CARRIERES SOUS POISSY,Appartement,78123,Carrières-sous-Poissy,111,3681.3011965084443,3692.8571428571427,22570.0,6.111798839458414
78,78123,CARRIERES SOUS POISSY,Maison,78123,Carrières-sous-Poissy,70,3410.6057708022367,3494.186046511628,22570.0,6.459301164725457
78,78124,CARRIERES SUR SEINE,Appartement,78124,Carrières-sur-Seine,83,4919.736874080242,4952.380952380952,32680.0,6.598846153846154
78,78124,CARRIERES SUR SEINE,Maison,78124,Carrières-sur-Seine,57,5280.529958329737,5370.251798561151,32680.0,6.085375737643426
78,78125,CELLE-LES-BORDES (LA),Maison,78125,La Celle-les-Bordes,6,3675.4294229652464,3692.5159474671673,35610.0,9.643831064406427
78,78126,CELLE-SAINT-CLOUD (LA),Appartement,78126,La Celle-Saint-Cloud,130,3687.3487428566236,3664.2470205850486,29510.0,8.053496348422579
78,78126,CELLE-SAINT-CLOUD (LA),Maison,78126,La Celle-Saint-Cloud,57,6757.678798091928,6531.25,29510.0,4.518277511961722
78,78128,CERNAY-LA-VILLE,Appartement,78128,Cernay-la-Ville,1,3804.7636363636366,3804.7636363636366,34950.0,9.185853141038507
78,78128,CERNAY-LA-VILLE,Maison,78128,Cernay-la-Ville,17,3522.1535230107793,3350.5154639175257,34950.0,10.431230769230769
78,78133,CHAMBOURCY,Appartement,78133,Chambourcy,40,3734.3371685805278,3389.3817204301076,32930.0,9.715636277114644
78,78133,CHAMBOURCY,Maison,78133,Chambourcy,28,4417.695651573862,4406.858054226475,32930.0,7.472443994064637
78,78138,CHANTELOUP-LES-VIGNES,Appartement,78138,Chanteloup-les-Vignes,27,2696.879848645234,2666.6666666666665,19940.0,7.4775
78,78138,CHANTELOUP-LES-VIGNES,Maison,78138,Chanteloup-les-Vignes,48,3329.950524615025,3273.8284250960305,19940.0,6.090728471640998
78,78140,CHAPET,Maison,78140,Chapet,14,3274.0206477434444,3000.426470588235,32520.0,10.838459238637645
78,78143,CHATEAUFORT,Appartement,78143,Châteaufort,3,3397.2010125889433,3511.904761904762,37760.0,10.752
78,78143,CHATEAUFORT,Maison,78143,Châteaufort,8,4783.067722482183,4837.696498875141,37760.0,7.805367701090786
78,78146,CHATOU,Appartement,78146,Chatou,259,4804.580208176453,4676.739130434783,33670.0,7.199460791149537
78,78146,CHATOU,Maison,78146,Chatou,126,7162.472242961646,6910.238706915007,33670.0,4.87248001524271
78,78147,CHAUFOUR LES BONNIERES,Maison,78147,Chaufour-lès-Bonnières,3,2014.216909216909,1440.0,27350.0,18.993055555555557
78,78152,CHAVENAY,Maison,78152,Chavenay,19,4424.685169615355,4096.188340807175,41630.0,10.163106902402976
78,78158,LE CHESNAY-ROCQUENCOURT,Appartement,78158,Le Chesnay-Rocquencourt,133,5271.298494898291,5100.0,33520.0,6.572549019607843
78,78158,LE CHESNAY-ROCQUENCOURT,Maison,78158,Le Chesnay-Rocquencourt,39,7790.3135452368815,6912.727272727273,33520.0,4.849026827985271
78,78160,CHEVREUSE,Appartement,78160,Chevreuse,26,4040.140845220666,4120.252100840336,33230.0,8.06504048459138
78,78160,CHEVREUSE,Maison,78160,Chevreuse,35,3928.3708620437837,3703.448275862069,33230.0,8.972718808193669
78,78162,CHOISEL,Maison,78162,Choisel,4,4171.5111540907255,4010.5054680099884,35390.0,8.824324086400138
78,78163,CIVRY-LA-FORET,Maison,78163,Civry-la-Forêt,3,2559.1990287018434,2473.1182795698924,29400.0,11.887826086956522
78,78164,CLAIREFONTAINE-EN-YVELINES,Appartement,78164,Clairefontaine-en-Yvelines,3,3730.115272220474,3762.7118644067796,34860.0,9.264594594594595
78,78164,CLAIREFONTAINE-EN-YVELINES,Maison,78164,Clairefontaine-en-Yvelines,2,2880.4192073170734,2880.4192073170734,34860.0,12.10240506362609
78,78165,CLAYES-SOUS-BOIS (LES),Appartement,78165,Les Clayes-sous-Bois,122,3024.012598557813,2746.323529411765,26060.0,9.48904953145917
78,78165,CLAYES-SOUS-BOIS (LES),Maison,78165,Les Clayes-sous-Bois,82,3852.837901499469,3680.570987654321,26060.0,7.080423142879904
78,78168,COIGNIERES,Appartement,78168,Coignières,8,3185.170619146272,3386.9314420803785,23590.0,6.965006644926403
78,78168,COIGNIERES,Maison,78168,Coignières,15,3238.9478097124465,3372.549019607843,23590.0,6.994709302325582
78,78171,CONDE-SUR-VESGRE,Appartement,78171,Condé-sur-Vesgre,3,2934.8069566367435,2974.358974358974,30840.0,10.368620689655174
78,78171,CONDE-SUR-VESGRE,Maison,78171,Condé-sur-Vesgre,11,3142.2621943686445,3022.635135135135,30840.0,10.203017771319995
78,78172,CONFLANS SAINTE HONORINE,Appartement,78172,Conflans-Sainte-Honorine,175,3182.7777500494863,3071.032786885246,27320.0,8.896030064110434
78,78172,CONFLANS SAINTE HONORINE,Maison,78172,Conflans-Sainte-Honorine,243,4294.112779652673,4276.315789473684,27320.0,6.388676923076924
78,78185,COURGENT,Maison,78185,Courgent,4,2558.270065038638,2517.720588235294,32110.0,12.75359948599632
78,78188,CRAVENT,Appartement,78188,Cravent,1,2596.153846153846,2596.153846153846,26910.0,10.365333333333334
78,78188,CRAVENT,Maison,78188,Cravent,6,2373.075343193941,2121.483180428135,26910.0,12.684521964755485
78,78189,CRESPIERES,Appartement,78189,Crespières,1,4412.195121951219,4412.195121951219,37670.0,8.53770038695412
78,78189,CRESPIERES,Maison,78189,Crespières,16,3780.1390227687257,3869.2813455657492,37670.0,9.735658029409091
78,78190,CROISSY SUR SEINE,Appartement,78190,Croissy-sur-Seine,85,5635.446055839451,5377.358490566037,38780.0,7.211719298245614
78,78190,CROISSY SUR SEINE,Maison,78190,Croissy-sur-Seine,44,7266.716717960499,6969.443293272551,38780.0,5.564289480256403
78,78192,DAMMARTIN EN SERVE,Appartement,78192,Dammartin-en-Serve,1,4632.0,4632.0,25440.0,5.492227979274611
78,78192,DAMMARTIN EN SERVE,Maison,78192,Dammartin-en-Serve,18,3018.14043252898,2751.004968383017,25440.0,9.247529645485555
78,78193,DAMPIERRE-EN-YVELINES,Appartement,78193,Dampierre-en-Yvelines,2,2463.8589966766895,2463.8589966766895,35130.0,14.258121121129157
78,78193,DAMPIERRE-EN-YVELINES,Maison,78193,Dampierre-en-Yvelines,8,4145.6578901989415,4145.3448275862065,35130.0,8.47456640186333
78,78194,DANNEMARIE,Maison,78194,Dannemarie,3,3816.2823758519967,4411.846153846154,32960.0,7.470795410956515
78,78196,DAVRON,Appartement,78196,Davron,1,1053.0434782608695,1053.0434782608695,39010.0,37.04500412881916
78,78196,DAVRON,Maison,78196,Davron,3,3677.7971122828567,3677.0428015564203,39010.0,10.609068783068784
78,78202,DROCOURT,Maison,78202,Drocourt,4,2090.392553606238,2012.7777777777778,26400.0,13.11620204250621
78,78206,ECQUEVILLY,Appartement,78206,Ecquevilly,7,3109.487180505147,3397.4358974358975,26630.0,7.838264150943396
78,78206,ECQUEVILLY,Maison,78206,Ecquevilly,42,3390.8559747378868,3093.3272301902143,26630.0,8.608853192154026
78,78208,ELANCOURT,Appartement,78208,Élancourt,216,2821.3474211241805,2744.314381270903,26320.0,9.590737919688014
78,78208,ELANCOURT,Maison,78208,Élancourt,139,3308.8332871885245,3209.3023255813955,26320.0,8.201159420289855
78,78209,EMANCE,Appartement,78209,Émancé,1,2947.3684210526317,2947.3684210526317,30810.0,10.453392857142857
78,78209,EMANCE,Maison,78209,Émancé,11,2825.350482652739,2584.967320261438,30810.0,11.918912768647282
78,78217,EPONE,Appartement,78217,Épône,12,3199.0498692834485,3259.8684210526317,26330.0,8.077013118062563
78,78217,EPONE,Maison,78217,Épône,58,3047.217485300284,3008.5445969125212,26330.0,8.751739969891359
78,78220,ESSARTS-LE-ROI (LES),Appartement,78220,Les Essarts-le-Roi,11,2821.638929282275,2790.1234567901233,29600.0,10.608849557522124
78,78220,ESSARTS-LE-ROI (LES),Maison,78220,Les Essarts-le-Roi,44,3431.4796688313,3267.143610013175,29600.0,9.059901716374394
78,78224,ETANG-LA-VILLE (L ),Appartement,78224,L'Étang-la-Ville,23,4248.113960183938,4268.888888888889,40580.0,9.505986465382614
78,78224,ETANG-LA-VILLE (L ),Maison,78224,L'Étang-la-Ville,42,5338.974129442456,5323.096828659522,40580.0,7.623381897078693
78,78227,EVECQUEMONT,Appartement,78227,Évecquemont,1,2500.0,2500.0,31430.0,12.572
78,78227,EVECQUEMONT,Maison,78227,Évecquemont,8,3727.4115628678896,3567.708333333333,31430.0,8.809576642335767
78,78230,FALAISE (LA),Maison,78230,La Falaise,7,3344.88832890128,3214.4859813084113,28620.0,8.903445268207587
78,78231,FAVRIEUX,Maison,78231,Favrieux,1,3324.137931034483,3324.137931034483,28820.0,8.669917012448133
78,78233,FEUCHEROLLES,Appartement,78233,Feucherolles,1,6357.142857142857,6357.142857142857,42090.0,6.620898876404494
78,78233,FEUCHEROLLES,Maison,78233,Feucherolles,20,4780.79835025854,4991.243961352657,42090.0,8.432767527675278
78,78234,FLACOURT,Maison,78234,Flacourt,2,2588.932291666667,2588.932291666667,26080.0,10.073650857516471
78,78236,FLEXANVILLE,Maison,78236,Flexanville,6,2469.4887016226035,2958.2254817371295,31130.0,10.523200544442554
78,78237,FLINS-NEUVE-EGLISE,Maison,78237,Flins-Neuve-Église,1,3839.752808988764,3839.752808988764,26740.0,6.963989957218688
78,78238,FLINS-SUR-SEINE,Appartement,78238,Flins-sur-Seine,2,3483.333333333333,3483.333333333333,25620.0,7.355023923444977
78,78238,FLINS-SUR-SEINE,Maison,78238,Flins-sur-Seine,14,2943.875076518953,3022.0083612040135,25620.0,8.477805795941812
78,78239,FOLLAINVILLE-DENNEMONT,Appartement,78239,Follainville-Dennemont,4,3067.185007974482,3263.755980861244,25230.0,7.730357339197361
78,78239,FOLLAINVILLE-DENNEMONT,Maison,78239,Follainville-Dennemont,25,2848.2405284216934,2695.826666666667,25230.0,9.358910315697843
78,78242,FONTENAY LE FLEURY,Appartement,78242,Fontenay-le-Fleury,80,3430.5172211784675,3445.054945054945,26260.0,7.622519936204147
78,78242,FONTENAY LE FLEURY,Maison,78242,Fontenay-le-Fleury,29,4561.370658121398,4413.793103448276,26260.0,5.94953125
78,78245,FONTENAY-MAUVOISIN,Maison,78245,Fontenay-Mauvoisin,4,2637.2686881398413,2648.629385964912,32020.0,12.08927159446089
78,78246,FONTENAY-SAINT-PERE,Appartement,78246,Fontenay-Saint-Père,1,1142.857142857143,1142.857142857143,30160.0,26.39
78,78246,FONTENAY-SAINT-PERE,Maison,78246,Fontenay-Saint-Père,9,3088.107419615886,3043.478260869565,30160.0,9.909714285714287
78,78255,FRENEUSE,Appartement,78255,Freneuse,5,2353.2235659077764,2558.5714285714284,22930.0,8.962032384142937
78,78255,FRENEUSE,Maison,78255,Freneuse,30,2496.0046867488513,2488.8888888888887,22930.0,9.21294642857143
78,78261,GAILLON SUR MONTCIENT,Maison,78261,Gaillon-sur-Montcient,9,2475.041900053363,2688.1720430107525,28410.0,10.568520000000001
78,78262,GALLUIS,Appartement,78262,Galluis,2,3585.0649350649355,3585.0649350649355,30840.0,8.602354645897481
78,78262,GALLUIS,Maison,78262,Galluis,17,3852.939345470524,3544.148936170213,30840.0,8.701665916253939
78,78263,GAMBAIS,Maison,78263,Gambais,33,3532.6577857777875,3076.923076923077,32660.0,10.6145
78,78265,GARANCIERES,Appartement,78265,Garancières,2,2543.2900432900433,2543.2900432900433,31350.0,12.326553191489362
78,78265,GARANCIERES,Maison,78265,Garancières,22,3331.373683878298,3405.956112852665,31350.0,9.204463874827427
78,78267,GARGENVILLE,Appartement,78267,Gargenville,14,3058.3532664822123,3183.046268152651,25030.0,7.863536339522547
78,78267,GARGENVILLE,Maison,78267,Gargenville,72,3010.95335834491,2773.186409550046,25030.0,9.025718543046358
78,78269,GAZERAN,Appartement,78269,Gazeran,3,2875.176767676768,2941.818181818182,33010.0,11.220951792336217
78,78269,GAZERAN,Maison,78269,Gazeran,12,3400.0538061031325,3310.013046314416,33010.0,9.972770360151747
78,78276,GOMMECOURT,Maison,78276,Gommecourt,12,2423.274275659527,2084.378342245989,26090.0,12.516921458648016
78,78278,GOUPILLIERES,Maison,78278,Goupillières,5,2653.326294620412,2692.3076923076924,32630.0,12.119714285714286
78,78281,GOUSSONVILLE,Appartement,78281,Goussonville,2,3144.471153846154,3144.471153846154,28640.0,9.108049843284153
78,78281,GOUSSONVILLE,Maison,78281,Goussonville,7,2151.1292976233544,2099.5714285714284,28640.0,13.640879090970948
78,78283,GRANDCHAMP,Maison,78283,Grandchamp,3,2914.152918712036,2830.09009009009,27740.0,9.801808111033298
78,78285,GRESSEY,Maison,78285,Gressey,5,3470.212578338074,3543.720930232558,31200.0,8.804305026906418
78,78289,GROSROUVRE,Appartement,78289,Grosrouvre,2,3619.5193423597684,3619.5193423597684,37690.0,10.412984828926971
78,78289,GROSROUVRE,Maison,78289,Grosrouvre,10,5769.998749454784,4910.552966101695,37690.0,7.67530668341832
78,78290,GUERNES,Maison,78290,Guernes,14,2499.84596452266,2651.0627530364372,25840.0,9.747034456428366
78,78291,GUERVILLE,Appartement,78291,Guerville,1,2538.4615384615386,2538.4615384615386,28050.0,11.049999999999999
78,78291,GUERVILLE,Maison,78291,Guerville,25,2841.5462331282756,2936.315789473684,28050.0,9.552787237856247
78,78296,GUITRANCOURT,Maison,78296,Guitrancourt,7,3109.795769797492,3056.1176470588234,28720.0,9.39754398121415
78,78297,GUYANCOURT,Appartement,78297,Guyancourt,135,3859.0826473202783,3674.723076923077,24720.0,6.727037516170763
78,78297,GUYANCOURT,Maison,78297,Guyancourt,61,4140.472238053919,4192.546583850932,24720.0,5.896177777777778
78,78299,HARDRICOURT,Appartement,78299,Hardricourt,11,3848.4093482588924,3324.324324324324,25430.0,7.649674796747968
78,78299,HARDRICOURT,Maison,78299,Hardricourt,19,3520.6158269398597,3074.0196078431372,25430.0,8.2725562111306
78,78300,HARGEVILLE,Maison,78300,Hargeville,3,2752.0612840974286,2951.8072289156626,30610.0,10.369918367346939
78,78302,HAUTEVILLE (LA),Maison,78302,La Hauteville,6,3836.06957664245,3593.809523809524,29790.0,8.289254008215185
78,78305,HERBEVILLE,Maison,78305,Herbeville,2,2601.246105919003,2601.246105919003,34160.0,13.132167664670659
78,78307,HERMERAY,Maison,78307,Hermeray,20,3111.106571303767,2885.2856915486236,31520.0,10.92439479817412
78,78310,HOUDAN,Appartement,78310,Houdan,27,3431.629630914916,3485.714285714286,24540.0,7.0401639344262295
78,78310,HOUDAN,Maison,78310,Houdan,27,3252.3542300448953,3111.4285714285716,24540.0,7.887052341597796
78,78311,HOUILLES,Appartement,78311,Houilles,234,4377.68004934549,4302.140688259109,30390.0,7.0639251949469655
78,78311,HOUILLES,Maison,78311,Houilles,182,5441.868138402977,5291.337535014005,30390.0,5.743349351445138
78,78314,ISSOU,Appartement,78314,Issou,6,2467.7052044504003,2434.285714285714,25020.0,10.278169014084508
78,78314,ISSOU,Maison,78314,Issou,26,2632.9643321875483,2677.7872099603846,25020.0,9.343535553136856
78,78317,JAMBVILLE,Maison,78317,Jambville,14,3063.689555460805,3009.467918622848,29650.0,9.852239931359039
78,78320,NOTRE-DAME-DE-LA-MER,Appartement,78320,Notre-Dame-de-la-Mer,1,2678.623853211009,2678.623853211009,25900.0,9.669144090146247
78,78320,NOTRE-DAME-DE-LA-MER,Maison,78320,Notre-Dame-de-la-Mer,5,1913.6970066951515,1981.132075471698,25900.0,13.073333333333334
78,78321,JOUARS-PONTCHARTRAIN,Appartement,78321,Jouars-Pontchartrain,22,3590.4639508990144,3639.5107772420442,32860.0,9.028685999633367
78,78321,JOUARS-PONTCHARTRAIN,Maison,78321,Jouars-Pontchartrain,41,3696.4543730434607,3646.3414634146343,32860.0,9.011772575250836
78,78322,JOUY EN JOSAS,Appartement,78322,Jouy-en-Josas,44,3948.625170635068,3916.2679425837323,35740.0,9.126035430665851
78,78322,JOUY EN JOSAS,Maison,78322,Jouy-en-Josas,26,5759.51128289297,5452.668699961876,35740.0,6.554588581596731
78,78324,JOUY-MAUVOISIN,Maison,78324,Jouy-Mauvoisin,7,2267.6135243152307,2479.2,26820.0,10.818005808325267
78,78325,JUMEAUVILLE,Maison,78325,Jumeauville,7,2950.4151707373717,2842.1917808219177,29270.0,10.298390206284944
78,78327,JUZIERS,Appartement,78327,Juziers,5,3069.6332389471927,2666.6666666666665,26040.0,9.765
78,78327,JUZIERS,Maison,78327,Juziers,28,2821.5451018507383,2756.9285714285716,26040.0,9.445293675674275
78,78329,LAINVILLE-EN-VEXIN,Maison,78329,Lainville-en-Vexin,14,2843.6667019086044,2640.7967032967035,28260.0,10.701315994798438
78,78334,LEVIS-SAINT-NOM,Maison,78334,Lévis-Saint-Nom,12,3443.5362556617383,3392.4523361079046,35190.0,10.37302709472193
78,78335,LIMAY,Appartement,78335,Limay,39,2308.8518894813724,2400.0,20170.0,8.404166666666667
78,78335,LIMAY,Maison,78335,Limay,72,2552.332460413065,2509.925,20170.0,8.036096696116417
78,78337,LIMETZ-VILLEZ,Maison,78337,Limetz-Villez,23,2431.5035359157714,2470.5882352941176,25330.0,10.252619047619048
78,78343,LOGES-EN-JOSAS (LES),Maison,78343,Les Loges-en-Josas,11,5106.271697543067,5142.857142857143,40940.0,7.960555555555555
78,78344,LOMMOYE,Maison,78344,Lommoye,5,2447.297563156718,2070.0,28180.0,13.61352657004831
78,78346,LONGNES,Appartement,78346,Longnes,2,1970.5882352941176,1970.5882352941176,28230.0,14.325671641791045
78,78346,LONGNES,Maison,78346,Longnes,12,2654.576101147838,2558.6422136422134,28230.0,11.033195594711442
78,78349,LONGVILLIERS,Maison,78349,Longvilliers,6,2546.165215046561,2650.584795321637,34010.0,12.831130722559296
78,78350,LOUVECIENNES,Appartement,78350,Louveciennes,53,3793.4355256963677,3729.878048780488,36060.0,9.667876410004904
78,78350,LOUVECIENNES,Maison,78350,Louveciennes,13,6625.837626166257,6025.641025641025,36060.0,5.984425531914894
78,78354,MAGNANVILLE,Appartement,78354,Magnanville,4,2886.048951048951,3301.136363636364,24580.0,7.445920826161789
78,78354,MAGNANVILLE,Maison,78354,Magnanville,55,2494.136484455392,2528.0898876404494,24580.0,9.722755555555555
78,78356,MAGNY-LES-HAMEAUX,Appartement,78356,Magny-les-Hameaux,36,3023.2483077646984,3003.1746031746034,28610.0,9.526585623678645
78,78356,MAGNY-LES-HAMEAUX,Maison,78356,Magny-les-Hameaux,50,3597.3846986741405,3538.4284532671627,28610.0,8.085510383453796
78,78358,MAISONS-LAFFITTE,Appartement,78358,Maisons-Laffitte,229,5643.734258770161,5419.718309859155,36990.0,6.8250779625779625
78,78358,MAISONS-LAFFITTE,Maison,78358,Maisons-Laffitte,75,8080.006828832839,8105.263157894737,36990.0,4.563701298701298
78,78361,MANTES-LA-JOLIE,Appartement,78361,Mantes-la-Jolie,207,2337.025011835669,2352.9411764705883,17310.0,7.35675
78,78361,MANTES-LA-JOLIE,Maison,78361,Mantes-la-Jolie,75,2885.827334933926,2800.0,17310.0,6.182142857142857
78,78362,MANTES-LA-VILLE,Appartement,78362,Mantes-la-Ville,79,2441.35014468427,2433.3333333333335,20040.0,8.235616438356164
78,78362,MANTES-LA-VILLE,Maison,78362,Mantes-la-Ville,102,2574.541196716349,2476.206211046637,20040.0,8.093025496260887
78,78364,MARCQ,Maison,78364,Marcq,7,3917.9628158224655,3608.796296296296,32540.0,9.01685695958948
78,78366,MAREIL-LE-GUYON,Maison,78366,Mareil-le-Guyon,3,3048.6345792797406,3070.967741935484,35100.0,11.429621848739496
78,78367,MAREIL-MARLY,Appartement,78367,Mareil-Marly,13,4547.367080244994,4517.857142857143,40010.0,8.85596837944664
78,78367,MAREIL-MARLY,Maison,78367,Mareil-Marly,28,6137.652410591351,5835.779517286366,40010.0,6.855982115411486
78,78368,MAREIL-SUR-MAULDRE,Maison,78368,Mareil-sur-Mauldre,18,2855.562765095299,2916.909077347654,34440.0,11.807018692305725
78,78372,MARLY-LE-ROI,Appartement,78372,Marly-le-Roi,176,3756.698417201861,3709.770833333333,31270.0,8.429092093514313
78,78372,MARLY-LE-ROI,Maison,78372,Marly-le-Roi,45,5352.893081481737,5214.285714285715,31270.0,5.996986301369863
78,78380,MAULE,Appartement,78380,Maule,13,3593.8980971229826,2961.935483870968,29730.0,10.037355695926813
78,78380,MAULE,Maison,78380,Maule,56,3868.7993887384105,3773.5496794871797,29730.0,7.878523545512263
78,78381,MAULETTE,Appartement,78381,Maulette,1,4716.451612903225,4716.451612903225,28930.0,6.133848573968949
78,78381,MAULETTE,Maison,78381,Maulette,10,3475.0577858045726,3461.637931034483,28930.0,8.357315402814095
78,78382,MAURECOURT,Appartement,78382,Maurecourt,18,3379.3389429912804,3526.4423076923076,29740.0,8.433428766189502
78,78382,MAURECOURT,Maison,78382,Maurecourt,32,3714.155308469929,3568.0112570356473,29740.0,8.33517549625345
78,78383,MAUREPAS,Appartement,78383,Maurepas,123,2891.054208958023,2820.224719101124,26870.0,9.527609561752987
78,78383,MAUREPAS,Maison,78383,Maurepas,100,3379.123098486777,3184.5990566037735,26870.0,8.437482873795611
78,78384,MEDAN,Maison,78384,Médan,14,3647.6647332840735,3834.848484848485,37290.0,9.72398261556697
78,78389,MERE,Appartement,78389,Méré,1,3726.0,3726.0,35020.0,9.398819108964037
78,78389,MERE,Maison,78389,Méré,12,4266.219064741154,4056.9444444444443,35020.0,8.632112290311538
78,78391,MERICOURT,Maison,78391,Méricourt,8,2972.8333711876576,2545.293857711003,25780.0,10.128496527777777
78,78396,MESNIL-LE-ROI (LE),Appartement,78396,Le Mesnil-le-Roi,22,4232.690979105156,4124.019607843137,36120.0,8.758445263283015
78,78396,MESNIL-LE-ROI (LE),Maison,78396,Le Mesnil-le-Roi,44,6226.3980018922875,6532.681645754305,36120.0,5.529122948073701
78,78397,MESNIL-SAINT-DENIS (LE),Appartement,78397,Le Mesnil-Saint-Denis,23,3660.074196965347,3671.875,32940.0,8.970893617021277
78,78397,MESNIL-SAINT-DENIS (LE),Maison,78397,Le Mesnil-Saint-Denis,54,3653.964866814747,3576.187628161312,32940.0,9.210926110422237
78,78398,MESNULS (LES),Maison,78398,Les Mesnuls,5,3365.293660664223,3929.10447761194,35290.0,8.981690408357075
78,78401,MEULAN-EN-YVELINES,Appartement,78401,Meulan-en-Yvelines,59,2439.2553226021955,2500.0,21470.0,8.588
78,78401,MEULAN-EN-YVELINES,Maison,78401,Meulan-en-Yvelines,29,2747.9352533976285,2716.9634146341464,21470.0,7.902204308073486
78,78402,MEZIERES-SUR-SEINE,Appartement,78402,Mézières-sur-Seine,11,3205.51115944718,3347.8260869565215,27410.0,8.187402597402597
78,78402,MEZIERES-SUR-SEINE,Maison,78402,Mézières-sur-Seine,30,3201.5931733476673,3246.0674157303374,27410.0,8.444063689858082
78,78403,MEZY-SUR-SEINE,Appartement,78403,Mézy-sur-Seine,2,2903.0172413793102,2903.0172413793102,28830.0,9.931046770601336
78,78403,MEZY-SUR-SEINE,Maison,78403,Mézy-sur-Seine,25,3192.9514001348707,3205.8823529411766,28830.0,8.992844036697248
78,78404,MILLEMONT,Maison,78404,Millemont,1,3559.3650793650795,3559.3650793650795,28430.0,7.9873795932929
78,78407,MITTAINVILLE,Maison,78407,Mittainville,9,3349.569378884286,2827.8688524590166,29300.0,10.361159420289855
78,78410,MOISSON,Maison,78410,Moisson,7,2063.7929904349094,1875.0,28240.0,15.061333333333334
78,78413,MONDREVILLE,Maison,78413,Mondreville,4,2398.74379471581,2398.75173370319,26850.0,11.193321769297485
78,78415,MONTAINVILLE,Maison,78415,Montainville,9,2939.093407163843,3189.655172413793,33410.0,10.474486486486487
78,78416,MONTALET-LE-BOIS,Maison,78416,Montalet-le-Bois,5,3398.021666057727,3304.3478260869565,30300.0,9.169736842105264
78,78417,MONTCHAUVET,Maison,78417,Montchauvet,2,2581.5151515151515,2581.5151515151515,31950.0,12.376452635285832
78,78418,MONTESSON,Appartement,78418,Montesson,89,4226.159699796698,4146.666666666667,32980.0,7.953376205787781
78,78418,MONTESSON,Maison,78418,Montesson,89,5584.6909981312265,5301.587301587301,32980.0,6.2207784431137725
78,78420,MONTFORT-L AMAURY,Appartement,78420,Montfort-l'Amaury,8,3576.4182782634516,3136.5730593607304,34200.0,10.903619763593312
78,78420,MONTFORT-L AMAURY,Maison,78420,Montfort-l'Amaury,28,4850.434515837396,4488.079907214846,34200.0,7.620185180977179
78,78423,MONTIGNY LE BRETONNEUX,Appartement,78423,Montigny-le-Bretonneux,224,3618.5288350656947,3596.735509660227,30360.0,8.440987645173838
78,78423,MONTIGNY LE BRETONNEUX,Maison,78423,Montigny-le-Bretonneux,82,4308.362245735471,4341.014084507042,30360.0,6.993757543509014
78,78431,MORAINVILLIERS,Appartement,78431,Morainvilliers,1,4251.282051282052,4251.282051282052,36400.0,8.562123039806995
78,78431,MORAINVILLIERS,Maison,78431,Morainvilliers,29,3664.8276336493764,3795.108695652174,36400.0,9.591293140484032
78,78437,MOUSSEAUX-SUR-SEINE,Maison,78437,Mousseaux-sur-Seine,9,2946.6707937683027,2207.7922077922076,29020.0,13.144352941176471
78,78439,MULCENT,Maison,78439,Mulcent,1,2561.88,2561.88,,
78,78440,MUREAUX (LES),Appartement,78440,Les Mureaux,91,2034.155954128752,1850.7462686567164,18240.0,9.855483870967742
78,78440,MUREAUX (LES),Maison,78440,Les Mureaux,74,2780.8563930867454,2722.222222222222,18240.0,6.7004081632653065
78,78442,NEAUPHLE-LE-CHATEAU,Appartement,78442,Neauphle-le-Château,21,3476.4440303602714,3333.3333333333335,31940.0,9.581999999999999
78,78442,NEAUPHLE-LE-CHATEAU,Maison,78442,Neauphle-le-Château,20,3788.867458410873,3745.2380952380954,31940.0,8.528162746344565
78,78443,NEAUPHLE-LE-VIEUX,Maison,78443,Neauphle-le-Vieux,8,4198.047656053732,3627.6636999364273,33460.0,9.223567223330644
78,78444,NEAUPHLETTE,Maison,78444,Neauphlette,11,2426.0916800011373,2522.1153846153848,28120.0,11.1493709492947
78,78451,NEZEL,Appartement,78451,Nézel,2,3639.008620689655,3639.008620689655,27320.0,7.5075392360082915
78,78451,NEZEL,Maison,78451,Nézel,17,2981.6017849105956,3106.1946902654868,27320.0,8.795327635327634
78,78455,NOISY LE ROI,Appartement,78455,Noisy-le-Roi,19,5135.148398839015,5231.111111111111,37660.0,7.199235344095157
78,78455,NOISY LE ROI,Maison,78455,Noisy-le-Roi,36,5015.309009976892,4980.882352941177,37660.0,7.560909359315028
78,78460,OINVILLE-SUR-MONTCIENT,Maison,78460,Oinville-sur-Montcient,9,3297.0468635304046,2957.317073170732,29830.0,10.086845360824741
78,78464,ORCEMONT,Maison,78464,Orcemont,10,2652.647840529101,2814.37106918239,29850.0,10.606277305384538
78,78465,ORGERUS,Appartement,78465,Orgerus,1,3269.4117647058824,3269.4117647058824,29300.0,8.961856783015474
78,78465,ORGERUS,Maison,78465,Orgerus,23,3001.0648200773257,3020.777777777778,29300.0,9.699488726229447
78,78466,ORGEVAL,Appartement,78466,Orgeval,6,4280.669183642868,4346.388888888889,37140.0,8.54502460535566
78,78466,ORGEVAL,Maison,78466,Orgeval,69,4792.205982874313,4440.454545454545,37140.0,8.364008598628315
78,78470,ORPHIN,Appartement,78470,Orphin,1,2766.6666666666665,2766.6666666666665,30860.0,11.15421686746988
78,78470,ORPHIN,Maison,78470,Orphin,8,3877.5990255605166,3575.4804059829057,30860.0,8.631008003389276
78,78472,ORSONVILLE,Maison,78472,Orsonville,6,2487.5768569023226,2620.3123418041914,27230.0,10.391890907650742
78,78474,ORVILLIERS,Appartement,78474,Orvilliers,1,4166.666666666667,4166.666666666667,27610.0,6.626399999999999
78,78474,ORVILLIERS,Maison,78474,Orvilliers,8,2973.836217838926,3058.7597340930674,27610.0,9.026534412709097
78,78475,OSMOY,Maison,78475,Osmoy,3,3579.452293738008,3556.122448979592,29120.0,8.188694404591105
78,78478,PARAY-DOUAVILLE,Maison,78478,Paray-Douaville,1,2500.0,2500.0,28950.0,11.58
78,78481,PECQ (LE),Appartement,78481,Le Pecq,134,4265.629605415225,4098.755411255412,30800.0,7.514476203049705
78,78481,PECQ (LE),Maison,78481,Le Pecq,42,6202.880559284492,5726.408359293873,30800.0,5.37858952200153
78,78484,PERDREAUVILLE,Maison,78484,Perdreauville,4,2598.814201732673,2496.5346534653463,28160.0,11.279635137814793
78,78486,PERRAY-EN-YVELINES (LE),Appartement,78486,Le Perray-en-Yvelines,32,3806.516399429373,3669.422131147541,29640.0,8.077566150921605
78,78486,PERRAY-EN-YVELINES (LE),Maison,78486,Le Perray-en-Yvelines,47,3606.4514771892073,3497.1641791044776,29640.0,8.475438521616661
78,78490,PLAISIR,Appartement,78490,Plaisir,220,3140.7866130002367,3000.0,25690.0,8.563333333333333
78,78490,PLAISIR,Maison,78490,Plaisir,131,3530.599611643977,3558.4848484848485,25690.0,7.2193647279230175
78,78497,POIGNY-LA-FORET,Maison,78497,Poigny-la-Forêt,10,4094.937879234716,3989.1574074074074,35520.0,8.904135979704245
78,78498,POISSY,Appartement,78498,Poissy,320,3697.019983597649,3700.0882117080996,23910.0,6.46200810141287
78,78498,POISSY,Maison,78498,Poissy,92,4681.239796921977,4532.147742818057,23910.0,5.27564443102928
78,78499,PONTHEVRARD,Maison,78499,Ponthévrard,4,2742.6090195104407,2766.797794117647,30540.0,11.038031064261219
78,78501,PORCHEVILLE,Maison,78501,Porcheville,24,2679.683011324274,2911.4765449195083,24860.0,8.538622797212776
78,78502,PORT-MARLY (LE),Appartement,78502,Le Port-Marly,56,4343.044788197039,4597.474849094568,26620.0,5.7901349923083485
78,78502,PORT-MARLY (LE),Maison,78502,Le Port-Marly,9,4913.113175214532,4925.518518518518,26620.0,5.404507139688246
78,78505,PRUNAY-LE-TEMPLE,Maison,78505,Prunay-le-Temple,7,2814.2588038291897,2692.3076923076924,29990.0,11.139142857142858
78,78506,PRUNAY-EN-YVELINES,Maison,78506,Prunay-en-Yvelines,10,2530.340016647641,2642.657922508669,29420.0,11.132731084646652
78,78513,QUEUE-LES-YVELINES (LA),Appartement,78513,La Queue-les-Yvelines,8,3770.6940933068863,3892.7741935483873,29530.0,7.585849713281845
78,78513,QUEUE-LES-YVELINES (LA),Maison,78513,La Queue-les-Yvelines,22,3834.6249724898535,3868.2557280118253,29530.0,7.633931693336518
78,78516,RAIZEUX,Maison,78516,Raizeux,11,2667.7680794951198,2720.0,31640.0,11.632352941176471
78,78517,RAMBOUILLET,Appartement,78517,Rambouillet,225,3783.4738510434863,3804.3478260869565,27990.0,7.357371428571429
78,78517,RAMBOUILLET,Maison,78517,Rambouillet,132,3821.570036315117,3743.814543889845,27990.0,7.476331872710294
78,78518,RENNEMOULIN,Maison,78518,Rennemoulin,1,5234.375,5234.375,39140.0,7.477492537313433
78,78520,RICHEBOURG,Maison,78520,Richebourg,14,3189.8363883240268,2989.0237348858036,31290.0,10.468300948836541
78,78522,ROCHEFORT-EN-YVELINES,Appartement,78522,Rochefort-en-Yvelines,5,3115.3278943278942,3205.0,34410.0,10.736349453978159
78,78522,ROCHEFORT-EN-YVELINES,Maison,78522,Rochefort-en-Yvelines,9,2430.874521001792,2694.8356807511736,34410.0,12.768867595818815
78,78528,ROLLEBOISE,Maison,78528,Rolleboise,4,2259.5970077988222,2412.0,23360.0,9.684908789386402
78,78530,ROSAY,Maison,78530,Rosay,6,2609.509245408959,2536.699929835503,27080.0,10.675287085199727
78,78531,ROSNY-SUR-SEINE,Appartement,78531,Rosny-sur-Seine,7,2227.6450533608527,2310.968039215686,22430.0,9.705889315376453
78,78531,ROSNY-SUR-SEINE,Maison,78531,Rosny-sur-Seine,50,2481.1752198456697,2427.6008492569,22430.0,9.23957495189785
78,78536,SAILLY,Maison,78536,Sailly,3,2962.2802041973905,2403.1007751937987,28840.0,12.00116129032258
78,78537,SAINT-ARNOULT-EN-YVELINES,Appartement,78537,Saint-Arnoult-en-Yvelines,10,3047.868293657612,2813.7564052029957,29630.0,10.530406948238426
78,78537,SAINT-ARNOULT-EN-YVELINES,Maison,78537,Saint-Arnoult-en-Yvelines,64,2960.502062048868,2980.171447781264,29630.0,9.942381006991903
78,78545,SAINT-CYR-L ECOLE,Appartement,78545,Saint-Cyr-l'École,179,4138.434691210274,4380.952380952381,26750.0,6.105978260869565
78,78545,SAINT-CYR-L ECOLE,Maison,78545,Saint-Cyr-l'École,48,4719.241689655263,4779.746240601504,26750.0,5.596531416829707
78,78548,SAINT-FORGET,Maison,78548,Saint-Forget,5,3904.2399403874815,3409.8360655737706,37880.0,11.10903846153846
78,78550,SAINT-GERMAIN-DE-LA-GRANGE,Appartement,78550,Saint-Germain-de-la-Grange,6,2634.8026440131703,2006.993006993007,34630.0,17.25466898954704
78,78550,SAINT-GERMAIN-DE-LA-GRANGE,Maison,78550,Saint-Germain-de-la-Grange,24,3581.196905276815,3379.166666666667,34630.0,10.248088779284833
78,78551,SAINT-GERMAIN-EN-LAYE,Appartement,78551,Saint-Germain-en-Laye,457,6325.761462825928,6395.3488372093025,33250.0,5.199090909090909
78,78551,SAINT-GERMAIN-EN-LAYE,Maison,78551,Saint-Germain-en-Laye,81,7521.248451146156,6880.34188034188,33250.0,4.8326086956521745
78,78557,SAINT-HILARION,Appartement,78557,Saint-Hilarion,1,2026.6666666666667,2026.6666666666667,28930.0,14.274671052631579
78,78557,SAINT-HILARION,Maison,78557,Saint-Hilarion,19,2844.2203061638243,2777.777777777778,28930.0,10.4148
78,78558,SAINT-ILLIERS-LA-VILLE,Maison,78558,Saint-Illiers-la-Ville,1,1807.6923076923076,1807.6923076923076,25370.0,14.034468085106383
78,78559,SAINT-ILLIERS-LE-BOIS,Maison,78559,Saint-Illiers-le-Bois,5,3092.249845696059,3475.9036144578313,30600.0,8.803466204506066
78,78562,SAINT-LEGER-EN-YVELINES,Appartement,78562,Saint-Léger-en-Yvelines,6,3410.64563703272,4212.884204545455,31060.0,7.372621342520661
78,78562,SAINT-LEGER-EN-YVELINES,Maison,78562,Saint-Léger-en-Yvelines,15,3313.671712012844,3522.9885057471265,31060.0,8.816378466557913
78,78564,SAINT-MARTIN-DE-BRETHENCOURT,Appartement,78564,Saint-Martin-de-Bréthencourt,1,2659.574468085106,2659.574468085106,28920.0,10.87392
78,78564,SAINT-MARTIN-DE-BRETHENCOURT,Maison,78564,Saint-Martin-de-Bréthencourt,5,2996.28173846516,2938.6666666666665,28920.0,9.841197822141561
78,78565,SAINT-MARTIN-DES-CHAMPS,Maison,78565,Saint-Martin-des-Champs,2,3077.761485826002,3077.761485826002,32700.0,10.624604976894124
78,78567,SAINT-MARTIN-LA-GARENNE,Maison,78567,Saint-Martin-la-Garenne,7,4352.360365794631,3703.703703703704,28680.0,7.7436
78,78569,SAINTE-MESME,Appartement,78569,Sainte-Mesme,1,3264.864864864865,3264.864864864865,29320.0,8.98046357615894
78,78569,SAINTE-MESME,Maison,78569,Sainte-Mesme,8,2983.2930086842193,2798.9398158063823,29320.0,10.475394945765501
78,78571,SAINT-NOM-LA-BRETECHE,Appartement,78571,Saint-Nom-la-Bretèche,7,4794.204691164792,4967.263565891473,44020.0,8.86202220117139
78,78571,SAINT-NOM-LA-BRETECHE,Maison,78571,Saint-Nom-la-Bretèche,37,5159.322661753436,5000.0,44020.0,8.804
78,78575,SAINT-REMY-LES-CHEVREUSE,Appartement,78575,Saint-Rémy-lès-Chevreuse,20,4917.333943675645,4599.776545584045,34800.0,7.56558490507746
78,78575,SAINT-REMY-LES-CHEVREUSE,Maison,78575,Saint-Rémy-lès-Chevreuse,64,4139.940968150155,3985.814571994062,34800.0,8.73096311216252
78,78576,SAINT-REMY-L HONORE,Appartement,78576,Saint-Rémy-l'Honoré,6,3749.258614114302,3673.517126148705,34420.0,9.369767124533794
78,78576,SAINT-REMY-L HONORE,Maison,78576,Saint-Rémy-l'Honoré,21,4160.692457758358,4038.4615384615386,34420.0,8.523047619047619
78,78586,SARTROUVILLE,Appartement,78586,Sartrouville,283,3714.7635054473517,3656.8627450980393,25680.0,7.022412868632707
78,78586,SARTROUVILLE,Maison,78586,Sartrouville,208,5456.377873426285,5233.516483516483,25680.0,4.906834645669291
78,78588,SAULX-MARCHAIS,Maison,78588,Saulx-Marchais,7,3246.7667012893953,3162.7906976744184,30520.0,9.649705882352942
78,78590,SENLISSE,Appartement,78590,Senlisse,1,3641.6666666666665,3641.6666666666665,34460.0,9.462700228832952
78,78590,SENLISSE,Maison,78590,Senlisse,4,3009.024664549672,2710.0066934404285,34460.0,12.715835751775238
78,78591,SEPTEUIL,Appartement,78591,Septeuil,5,3232.9556650246304,2586.206896551724,27600.0,10.672
78,78591,SEPTEUIL,Maison,78591,Septeuil,19,2765.673175672868,2801.0,27600.0,9.85362370581935
78,78597,SOINDRES,Appartement,78597,Soindres,1,2508.7719298245615,2508.7719298245615,28530.0,11.372097902097902
78,78597,SOINDRES,Maison,78597,Soindres,4,2826.009884732409,2852.156381486676,28530.0,10.002957826992938
78,78601,SONCHAMP,Maison,78601,Sonchamp,18,2915.0071496784676,2923.5580595874712,30050.0,10.278571311917167
78,78605,TACOIGNIERES,Maison,78605,Tacoignières,18,3253.6555620463,2991.0910345692955,29550.0,9.87933822758259
78,78608,TERTRE-SAINT-DENIS (LE),Maison,78608,Le Tertre-Saint-Denis,1,2131.6831683168316,2131.6831683168316,26740.0,12.5440780306549
78,78609,TESSANCOURT-SUR-AUBETTE,Maison,78609,Tessancourt-sur-Aubette,6,3913.879417677211,4191.025382755843,29900.0,7.134292272011727
78,78615,THIVERVAL-GRIGNON,Appartement,78615,Thiverval-Grignon,5,3386.438837109444,3373.4939759036147,29850.0,8.848392857142857
78,78615,THIVERVAL-GRIGNON,Maison,78615,Thiverval-Grignon,3,3910.02645924744,3990.119266055046,29850.0,7.480979391754403
78,78616,THOIRY,Appartement,78616,Thoiry,2,3895.046082949309,3895.046082949309,29640.0,7.609666065248898
78,78616,THOIRY,Maison,78616,Thoiry,8,3498.9730336043704,3354.5180722891564,29640.0,8.83584448235611
78,78618,TILLY,Maison,78618,Tilly,10,2676.4541929853317,2360.1398601398605,28480.0,12.06708148148148
78,78620,TOUSSUS-LE-NOBLE,Appartement,78620,Toussus-le-Noble,2,4146.666666666667,4146.666666666667,35870.0,8.65032154340836
78,78620,TOUSSUS-LE-NOBLE,Maison,78620,Toussus-le-Noble,4,4462.656761588243,4346.649730073039,35870.0,8.252332768345072
78,78621,TRAPPES,Appartement,78621,Trappes,126,2747.720403938357,2736.506543660159,18320.0,6.694666980586297
78,78621,TRAPPES,Maison,78621,Trappes,25,3359.342449584445,3573.8888888888887,18320.0,5.126068708223224
78,78623,TREMBLAY-SUR-MAULDRE (LE),Maison,78623,Le Tremblay-sur-Mauldre,9,3493.3221596367343,3169.9346405228757,32060.0,10.11377319587629
78,78624,TRIEL SUR SEINE,Appartement,78624,Triel-sur-Seine,53,3187.0113185442506,3166.6666666666665,29350.0,9.26842105263158
78,78624,TRIEL SUR SEINE,Maison,78624,Triel-sur-Seine,103,3657.744205098958,3490.2542372881358,29350.0,8.409129537452955
78,78638,VAUX-SUR-SEINE,Appartement,78638,Vaux-sur-Seine,11,3339.234596668789,2636.3636363636365,29160.0,11.060689655172414
78,78638,VAUX-SUR-SEINE,Maison,78638,Vaux-sur-Seine,50,3371.6956793209274,3134.713804713805,29160.0,9.302284615632484
78,78640,VELIZY VILLACOUBLAY,Appartement,78640,Vélizy-Villacoublay,144,4233.076589988494,4090.3846153846152,28610.0,6.994452280206865
78,78640,VELIZY VILLACOUBLAY,Maison,78640,Vélizy-Villacoublay,28,6065.866836586667,6070.290534208059,28610.0,4.7131187278060835
78,78642,VERNEUIL SUR SEINE,Appartement,78642,Verneuil-sur-Seine,112,3157.091351037252,3176.2808834498837,28180.0,8.872011334650162
78,78642,VERNEUIL SUR SEINE,Maison,78642,Verneuil-sur-Seine,78,3871.6367967171213,3739.711015504505,28180.0,7.535341603446966
78,78643,VERNOUILLET,Appartement,78643,Vernouillet,25,3600.178651247699,3685.185185185185,28980.0,7.86391959798995
78,78643,VERNOUILLET,Maison,78643,Vernouillet,51,3895.463795600257,3639.877300613497,28980.0,7.961806843081072
78,78644,VERRIERE (LA),Appartement,78644,La Verrière,3,3348.4661512538405,3218.64406779661,19450.0,6.0429173249078465
78,78644,VERRIERE (LA),Maison,78644,La Verrière,19,3639.789852297073,3333.3333333333335,19450.0,5.835
78,78646,VERSAILLES,Appartement,78646,Versailles,859,6513.36444107149,6410.25641025641,33780.0,5.26968
78,78646,VERSAILLES,Maison,78646,Versailles,87,8902.046507821873,8935.454545454546,33780.0,3.7804456201037744
78,78647,VERT,Maison,78647,Vert,6,2749.165550058407,2382.525510204082,29750.0,12.486749826007815
78,78650,VESINET (LE),Appartement,78650,Le Vésinet,164,5565.613339594935,5405.523641184269,42870.0,7.930776525215202
78,78650,VESINET (LE),Maison,78650,Le Vésinet,86,8483.063426163078,8286.929824561405,42870.0,5.173206592499285
78,78653,VICQ,Maison,78653,Vicq,2,2639.8491514770585,2639.8491514770585,33430.0,12.66360238095238
78,78655,VIEILLE-EGLISE-EN-YVELINES,Maison,78655,Vieille-Église-en-Yvelines,12,3799.2405453013776,3638.6554621848736,32800.0,9.01431870669746
78,78668,VILLENEUVE-EN-CHEVRIE (LA),Maison,78668,La Villeneuve-en-Chevrie,5,2355.7890096618357,2578.125,26970.0,10.46109090909091
78,78672,VILLENNES-SUR-SEINE,Appartement,78672,Villennes-sur-Seine,26,4116.5385257625185,4172.8125,38200.0,9.15449711675279
78,78672,VILLENNES-SUR-SEINE,Maison,78672,Villennes-sur-Seine,47,5800.8212846337565,5430.939597315436,38200.0,7.033773680503207
78,78674,VILLEPREUX,Appartement,78674,Villepreux,43,4025.324597953759,4075.0,29190.0,7.16319018404908
78,78674,VILLEPREUX,Maison,78674,Villepreux,77,3833.741454218639,3776.315789473684,29190.0,7.729756097560975
78,78677,VILLETTE,Maison,78677,Villette,3,3208.3333333333335,2882.3529411764707,30750.0,10.668367346938775
78,78681,VILLIERS-LE-MAHIEU,Maison,78681,Villiers-le-Mahieu,9,3258.983702504045,3030.0,31130.0,10.273927392739274
78,78683,VILLIERS-SAINT-FREDERIC,Appartement,78683,Villiers-Saint-Frédéric,2,4207.5,4207.5,31450.0,7.474747474747475
78,78683,VILLIERS-SAINT-FREDERIC,Maison,78683,Villiers-Saint-Frédéric,27,3878.770746442512,3627.450980392157,31450.0,8.67
78,78686,VIROFLAY,Appartement,78686,Viroflay,133,5287.396042359499,5243.90243902439,36100.0,6.884186046511628
78,78686,VIROFLAY,Maison,78686,Viroflay,54,7903.009113665239,7510.267857142857,36100.0,4.806752660048743
78,78688,VOISINS-LE-BRETONNEUX,Appartement,78688,Voisins-le-Bretonneux,46,4281.134725265807,4265.16544117647,35470.0,8.31620730524728
78,78688,VOISINS-LE-BRETONNEUX,Maison,78688,Voisins-le-Bretonneux,79,4316.0903727526365,4337.748344370861,35470.0,8.177053435114505
91,91001,ABBEVILLE-LA-RIVIERE,Maison,91001,Abbéville-la-Rivière,3,2356.83890794216,2261.146496815287,26590.0,11.759521126760562
91,91016,ANGERVILLE,Appartement,91016,Angerville,14,1619.2963943006812,1660.5421686746988,22130.0,13.326972610194087
91,91016,ANGERVILLE,Maison,91016,Angerville,39,2252.8718423203222,2243.5897435897436,22130.0,9.863657142857143
91,91017,ANGERVILLIERS,Appartement,91017,Angervilliers,3,4246.235042735042,3322.0384615384614,29150.0,8.774732844754727
91,91017,ANGERVILLIERS,Maison,91017,Angervilliers,13,2957.879141293049,3000.0,29150.0,9.716666666666667
91,91021,ARPAJON,Appartement,91021,Arpajon,106,3072.1704797510697,3037.4649859943975,21980.0,7.236297406340058
91,91021,ARPAJON,Maison,91021,Arpajon,35,3014.27534217328,3000.0,21980.0,7.326666666666667
91,91022,ARRANCOURT,Maison,91022,Arrancourt,2,2305.944055944056,2305.944055944056,27670.0,11.99942380591357
91,91027,ATHIS MONS,Appartement,91027,Athis-Mons,184,3308.553283229409,3322.916666666667,22380.0,6.735047021943573
91,91027,ATHIS MONS,Maison,91027,Athis-Mons,109,4115.272444544251,4058.714285714286,22380.0,5.51406145507022
91,91035,AUTHON-LA-PLAINE,Maison,91035,Authon-la-Plaine,3,2748.409029856474,2616.279069767442,25970.0,9.926311111111112
91,91037,AUVERNAUX,Maison,91037,Auvernaux,5,3451.0118528000885,3431.654676258993,28310.0,8.249664570230609
91,91038,AUVERS-SAINT-GEORGES,Appartement,91038,Auvers-Saint-Georges,4,2546.8760385510136,2733.333333333333,30200.0,11.04878048780488
91,91038,AUVERS-SAINT-GEORGES,Maison,91038,Auvers-Saint-Georges,5,3014.59829077051,3155.7377049180327,30200.0,9.56987012987013
91,91041,AVRAINVILLE,Appartement,91041,Avrainville,1,3295.4545454545455,3295.4545454545455,30610.0,9.28855172413793
91,91041,AVRAINVILLE,Maison,91041,Avrainville,5,3135.538230437172,2851.6393442622953,30610.0,10.734176487496406
91,91044,BALLAINVILLIERS,Appartement,91044,Ballainvilliers,24,3423.1194906121686,3293.3653846153848,29750.0,9.03331289597384
91,91044,BALLAINVILLIERS,Maison,91044,Ballainvilliers,24,3625.373629768798,3698.0701754385964,29750.0,8.044736467574364
91,91045,BALLANCOURT-SUR-ESSONNE,Appartement,91045,Ballancourt-sur-Essonne,18,2919.0438545682387,2899.936868686869,25500.0,8.793294873190378
91,91045,BALLANCOURT-SUR-ESSONNE,Maison,91045,Ballancourt-sur-Essonne,82,3126.8870732842684,3005.813953488372,25500.0,8.483558994197292
91,91047,BAULNE,Appartement,91047,Baulne,10,3242.8084101351014,3108.419961734694,26580.0,8.550968121169408
91,91047,BAULNE,Maison,91047,Baulne,14,2759.041231626242,2868.0152274661878,26580.0,9.26773322032976
91,91064,BIEVRES,Appartement,91064,Bièvres,32,4194.8645540178495,4001.1123470522803,34800.0,8.697581317764804
91,91064,BIEVRES,Maison,91064,Bièvres,20,6605.908873279465,5885.665818490246,34800.0,5.9126700484205665
91,91067,BLANDY,Maison,91067,Blandy,2,1627.253446447508,1627.253446447508,24240.0,14.896265884652982
91,91069,BOIGNEVILLE,Maison,91069,Boigneville,6,2211.7908517779474,2301.7127799736495,26430.0,11.482753291356612
91,91079,BOISSY-LA-RIVIERE,Maison,91079,Boissy-la-Rivière,8,2203.990785409067,2107.7919708029194,30180.0,14.318301055347296
91,91080,BOISSY-LE-CUTTE,Appartement,91080,Boissy-le-Cutté,6,3053.414570230608,2420.6603773584907,26650.0,11.009392415916443
91,91080,BOISSY-LE-CUTTE,Maison,91080,Boissy-le-Cutté,14,2770.611862357195,2830.644175528664,26650.0,9.41481809349023
91,91081,BOISSY-LE-SEC,Maison,91081,Boissy-le-Sec,10,1946.6030979152354,1995.4623081733776,26730.0,13.395392080579224
91,91085,BOISSY-SOUS-SAINT-YON,Appartement,91085,Boissy-sous-Saint-Yon,5,3114.296942437872,3366.6666666666665,27770.0,8.24851485148515
91,91085,BOISSY-SOUS-SAINT-YON,Maison,91085,Boissy-sous-Saint-Yon,41,3099.741948202226,3141.025641025641,27770.0,8.841061224489795
91,91086,BONDOUFLE,Appartement,91086,Bondoufle,39,3223.786937143006,3247.8947368421054,26390.0,8.125263328471885
91,91086,BONDOUFLE,Maison,91086,Bondoufle,102,2915.2525506011407,2906.4625850340135,26390.0,9.079765944997074
91,91093,BOULLAY-LES-TROUX,Maison,91093,Boullay-les-Troux,5,3396.944519220103,3464.566929133858,38250.0,11.04034090909091
91,91095,BOURAY-SUR-JUINE,Appartement,91095,Bouray-sur-Juine,4,2897.411219358894,2948.310810810811,28910.0,9.805614758794546
91,91095,BOURAY-SUR-JUINE,Maison,91095,Bouray-sur-Juine,19,2994.9957844892915,2717.948717948718,28910.0,10.636698113207547
91,91097,BOUSSY-SAINT-ANTOINE,Appartement,91097,Boussy-Saint-Antoine,43,2846.181923169871,2959.183673469388,24320.0,8.21848275862069
91,91097,BOUSSY-SAINT-ANTOINE,Maison,91097,Boussy-Saint-Antoine,25,3524.746870831745,3416.6666666666665,24320.0,7.118048780487805
91,91098,BOUTERVILLIERS,Appartement,91098,Boutervilliers,1,916.6666666666666,916.6666666666666,28010.0,30.55636363636364
91,91098,BOUTERVILLIERS,Maison,91098,Boutervilliers,3,2593.3433433433433,2263.5135135135133,28010.0,12.374567164179105
91,91099,BOUTIGNY-SUR-ESSONNE,Appartement,91099,Boutigny-sur-Essonne,6,2793.301971326165,2655.645161290323,27040.0,10.182083206802307
91,91099,BOUTIGNY-SUR-ESSONNE,Maison,91099,Boutigny-sur-Essonne,23,2738.5667972784217,2896.3414634146343,27040.0,9.335915789473685
91,91100,BOUVILLE,Maison,91100,Bouville,5,2602.4888113920374,2520.0,29310.0,11.630952380952381
91,91103,BRETIGNY SUR ORGE,Appartement,91103,Brétigny-sur-Orge,152,3117.0668052525543,3189.166666666667,23680.0,7.425137183172197
91,91103,BRETIGNY SUR ORGE,Maison,91103,Brétigny-sur-Orge,127,3115.0967453986436,3021.276595744681,23680.0,7.837746478873239
91,91105,BREUILLET,Appartement,91105,Breuillet,4,3909.469859241126,3586.3815789473683,26570.0,7.408581439289711
91,91105,BREUILLET,Maison,91105,Breuillet,46,2831.908162845353,2946.131468816985,26570.0,9.018606359297722
91,91106,BREUX JOUY,Maison,91106,Breux-Jouy,9,3310.6742077977233,2823.684210526316,27460.0,9.72488350419385
91,91109,BRIERES-LES-SCELLES,Maison,91109,Brières-les-Scellés,9,2817.5685641980854,2976.190476190476,27170.0,9.12912
91,91111,BRIIS-SOUS-FORGES,Appartement,91111,Briis-sous-Forges,6,3226.5354093461597,3359.473859473859,30610.0,9.111545819497449
91,91111,BRIIS-SOUS-FORGES,Maison,91111,Briis-sous-Forges,39,3207.4394031665397,3287.671232876712,30610.0,9.310541666666667
91,91112,BROUY,Maison,91112,Brouy,1,1382.1138211382113,1382.1138211382113,30870.0,22.335352941176474
91,91114,BRUNOY,Appartement,91114,Brunoy,141,3114.5700732678006,2938.4615384615386,27460.0,9.345026178010471
91,91114,BRUNOY,Maison,91114,Brunoy,144,3925.287544791443,3850.7395382395384,27460.0,7.131097735203878
91,91115,BRUYERES-LE-CHATEL,Appartement,91115,Bruyères-le-Châtel,12,2577.9823032776367,2517.015425888665,27530.0,10.93755712294857
91,91115,BRUYERES-LE-CHATEL,Maison,91115,Bruyères-le-Châtel,32,3031.688073430408,2910.7142857142853,27530.0,9.458159509202455
91,91121,BUNO-BONNEVAUX,Maison,91121,Buno-Bonnevaux,5,2818.630794871795,3063.125,27070.0,8.837380126504796
91,91122,BURES SUR YVETTE,Appartement,91122,Bures-sur-Yvette,21,3697.7968761643237,3774.1935483870966,33510.0,8.878717948717949
91,91122,BURES SUR YVETTE,Maison,91122,Bures-sur-Yvette,56,4020.6310794229394,3766.666666666667,33510.0,8.89646017699115
91,91129,CERNY,Appartement,91129,Cerny,9,3274.2322143442343,3333.3333333333335,27350.0,8.205
91,91129,CERNY,Maison,91129,Cerny,49,3195.416533530287,2842.1052631578946,27350.0,9.623148148148148
91,91130,CHALO-SAINT-MARS,Maison,91130,Chalo-Saint-Mars,12,2620.8673172350277,2476.9021739130435,27810.0,11.227734503565552
91,91131,CHALOU-MOULINEUX,Maison,91131,Chalou-Moulineux,6,2284.7565456225575,1825.6410256410256,26570.0,14.553792134831461
91,91132,CHAMARANDE,Appartement,91132,Chamarande,4,2625.6336405529955,3004.8387096774195,29130.0,9.694363929146537
91,91132,CHAMARANDE,Maison,91132,Chamarande,10,2374.6196583181354,2488.8974201474202,29130.0,11.703977738975919
91,91135,CHAMPCUEIL,Appartement,91135,Champcueil,4,4230.45511111111,3820.910222222222,27870.0,7.294073500578339
91,91135,CHAMPCUEIL,Maison,91135,Champcueil,24,2508.5358434057916,2599.7298156389065,27870.0,10.720344795965154
91,91136,CHAMPLAN,Appartement,91136,Champlan,4,3236.121212121212,3247.166666666667,25020.0,7.705178873890057
91,91136,CHAMPLAN,Maison,91136,Champlan,15,3185.413295177742,3269.230769230769,25020.0,7.653176470588236
91,91137,CHAMPMOTTEUX,Maison,91137,Champmotteux,6,2533.6160436493656,2675.405844155844,26290.0,9.826546524680683
91,91145,CHATIGNONVILLE,Maison,91145,Chatignonville,2,1933.3333333333333,1933.3333333333333,,
91,91148,CHAUFFOUR-LES-ETRECHY,Maison,91148,Chauffour-lès-Étréchy,1,2606.837606837607,2606.837606837607,30570.0,11.726852459016394
91,91156,CHEPTAINVILLE,Appartement,91156,Cheptainville,4,2966.931498015873,2896.031746031746,28720.0,9.917018361194849
91,91156,CHEPTAINVILLE,Maison,91156,Cheptainville,18,3261.663321882485,3156.603773584906,28720.0,9.098386132695756
91,91159,CHEVANNES,Appartement,91159,Chevannes,7,3890.433589380648,4354.8387096774195,28780.0,6.608740740740741
91,91159,CHEVANNES,Maison,91159,Chevannes,10,2728.915392466987,2781.746031746032,28780.0,10.34601997146933
91,91161,CHILLY MAZARIN,Appartement,91161,Chilly-Mazarin,186,2742.2005168359146,2559.6768707482997,23140.0,9.040203575865894
91,91161,CHILLY MAZARIN,Maison,91161,Chilly-Mazarin,38,3712.4354896651234,3723.584731414499,23140.0,6.214441638665137
91,91174,CORBEIL ESSONNES,Appartement,91174,Corbeil-Essonnes,417,2575.332717642551,2571.4285714285716,18970.0,7.377222222222222
91,91174,CORBEIL ESSONNES,Maison,91174,Corbeil-Essonnes,137,2832.484108359862,2826.086956521739,18970.0,6.712461538461539
91,91175,CORBREUSE,Appartement,91175,Corbreuse,3,5283.208020050125,6050.0,27530.0,4.550413223140496
91,91175,CORBREUSE,Maison,91175,Corbreuse,18,2650.5536034888855,2622.4561403508774,27530.0,10.497792346802248
91,91179,COUDRAY-MONTCEAUX (LE),Appartement,91179,Le Coudray-Montceaux,23,3092.7699202825493,2948.2758620689656,26830.0,9.100233918128655
91,91179,COUDRAY-MONTCEAUX (LE),Maison,91179,Le Coudray-Montceaux,17,2931.1125803024142,2864.5833333333335,26830.0,9.36610909090909
91,91180,COURANCES,Maison,91180,Courances,4,2826.09418767507,2549.5098039215686,33100.0,12.98288790617189
91,91184,COURDIMANCHE-SUR-ESSONNE,Maison,91184,Courdimanche-sur-Essonne,8,2670.9453294365276,2609.6155703660775,29730.0,11.392482608397938
91,91186,COURSON-MONTELOUP,Maison,91186,Courson-Monteloup,8,3226.6592327231297,3425.0,32560.0,9.506569343065694
91,91191,CROSNE,Appartement,91191,Crosne,78,2724.0647899865003,2532.706766917293,26280.0,10.37625055662758
91,91191,CROSNE,Maison,91191,Crosne,30,3724.9319679209393,3628.8975440874174,26280.0,7.241868826751019
91,91195,DANNEMOIS,Appartement,91195,Dannemois,2,3258.085655314758,3258.085655314758,28770.0,8.830338746026793
91,91195,DANNEMOIS,Maison,91195,Dannemois,8,3631.9908724748616,3497.860962566845,28770.0,8.225026754318911
91,91198,D HUISON LONGUEVILLE,Appartement,91198,D'Huison-Longueville,2,3495.036319612591,3495.036319612591,27620.0,7.90263604558523
91,91198,D HUISON LONGUEVILLE,Maison,91198,D'Huison-Longueville,22,2466.0401858639666,2338.323275862069,27620.0,11.811882593443947
91,91200,DOURDAN,Appartement,91200,Dourdan,52,3049.7904651248455,3136.6300366300366,23670.0,7.546315543617891
91,91200,DOURDAN,Maison,91200,Dourdan,56,3032.540039565872,3061.031550682479,23670.0,7.73268736636269
91,91201,DRAVEIL,Appartement,91201,Draveil,101,3072.8011704118503,2794.5205479452056,26090.0,9.336127450980392
91,91201,DRAVEIL,Maison,91201,Draveil,148,3849.6797200476726,3694.3958818958818,26090.0,7.062047716069668
91,91204,ECHARCON,Appartement,91204,Écharcon,2,7344.298245614035,7344.298245614035,29820.0,4.060292624664079
91,91204,ECHARCON,Maison,91204,Écharcon,10,2626.3358091506407,2706.212702472293,29820.0,11.019089509393545
91,91207,EGLY,Appartement,91207,Égly,9,3151.6634189093484,3501.5,23770.0,6.788519206054548
91,91207,EGLY,Maison,91207,Égly,23,3182.131678667424,3143.865979381443,23770.0,7.560754865471956
91,91215,EPINAY-SOUS-SENART,Appartement,91215,Épinay-sous-Sénart,56,1954.2490571500082,1853.2289628180038,18880.0,10.187624076029568
91,91215,EPINAY-SOUS-SENART,Maison,91215,Épinay-sous-Sénart,29,2960.2260036161656,2764.705882352941,18880.0,6.828936170212766
91,91216,EPINAY SUR ORGE,Appartement,91216,Épinay-sur-Orge,48,3605.474393079183,3627.9761904761904,28730.0,7.91901558654635
91,91216,EPINAY SUR ORGE,Maison,91216,Épinay-sur-Orge,68,3701.799945566357,3537.042682926829,28730.0,8.122604835581607
91,91223,ETAMPES,Appartement,91223,Étampes,207,2286.7783758974037,2250.0,20480.0,9.102222222222222
91,91223,ETAMPES,Maison,91223,Étampes,109,2582.268421956418,2555.5555555555557,20480.0,8.01391304347826
91,91225,ETIOLLES,Appartement,91225,Étiolles,12,3203.1739689793176,3086.761229314421,33550.0,10.86899747262005
91,91225,ETIOLLES,Maison,91225,Étiolles,24,3538.30833140423,3552.0327498588367,33550.0,9.445295796141894
91,91226,ETRECHY,Appartement,91226,Étréchy,22,2785.5445426966126,2788.442928039702,27380.0,9.819100016240375
91,91226,ETRECHY,Maison,91226,Étréchy,66,3110.9486607176805,3108.4892584892586,27380.0,8.808137240695121
91,91228,EVRY-COURCOURONNES,Appartement,91228,Évry-Courcouronnes,424,2344.4582641612938,2239.333333333333,19160.0,8.556117892229832
91,91228,EVRY-COURCOURONNES,Maison,91228,Évry-Courcouronnes,92,2866.753991638407,2863.7566137566137,19160.0,6.6905127020785224
91,91232,FERTE-ALAIS (LA),Appartement,91232,La Ferté-Alais,17,2507.263076320622,2400.0,26470.0,11.029166666666667
91,91232,FERTE-ALAIS (LA),Maison,91232,La Ferté-Alais,37,2918.3885591607223,2875.0,26470.0,9.20695652173913
91,91235,FLEURY-MEROGIS,Appartement,91235,Fleury-Mérogis,35,2985.926794031317,2913.793103448276,19420.0,6.664852071005917
91,91235,FLEURY-MEROGIS,Maison,91235,Fleury-Mérogis,14,2951.6187198474913,3087.216018482865,19420.0,6.290457125038977
91,91240,FONTAINE-LA-RIVIERE,Appartement,91240,Fontaine-la-Rivière,1,3618.0558333333333,3618.0558333333333,29390.0,8.123147169048202
91,91240,FONTAINE-LA-RIVIERE,Maison,91240,Fontaine-la-Rivière,2,1834.7222222222222,1834.7222222222222,29390.0,16.01877365632097
91,91243,FONTENAY-LES-BRIIS,Appartement,91243,Fontenay-lès-Briis,7,3254.9007002449266,3357.1428571428573,29050.0,8.653191489361701
91,91243,FONTENAY-LES-BRIIS,Maison,91243,Fontenay-lès-Briis,23,3219.1330095583917,2967.3076923076924,29050.0,9.7900194426442
91,91244,FONTENAY-LE-VICOMTE,Appartement,91244,Fontenay-le-Vicomte,3,3640.6156156156158,3713.5135135135133,27290.0,7.348835516739447
91,91244,FONTENAY-LE-VICOMTE,Maison,91244,Fontenay-le-Vicomte,12,2755.7229576819504,2604.7619047619046,27290.0,10.476965265082267
91,91247,FORET-LE-ROI (LA),Maison,91247,La Forêt-le-Roi,7,2849.892298687832,2721.8934911242604,26860.0,9.868130434782609
91,91248,FORET-SAINTE-CROIX (LA),Maison,91248,La Forêt-Sainte-Croix,3,2232.654623392529,1875.0,24890.0,13.274666666666667
91,91249,FORGES-LES-BAINS,Appartement,91249,Forges-les-Bains,9,2946.3854460042626,2875.0,30150.0,10.486956521739131
91,91249,FORGES-LES-BAINS,Maison,91249,Forges-les-Bains,40,3335.866113149413,3230.9421729582764,30150.0,9.331643336839551
91,91272,GIF SUR YVETTE,Appartement,91272,Gif-sur-Yvette,90,4049.9188332344834,3924.2921348314608,34730.0,8.8500037221341
91,91272,GIF SUR YVETTE,Maison,91272,Gif-sur-Yvette,126,4244.194027044553,4100.719424460432,34730.0,8.469245614035088
91,91273,GIRONVILLE-SUR-ESSONNE,Maison,91273,Gironville-sur-Essonne,13,2493.5298074494085,2337.5,26180.0,11.2
91,91274,GOMETZ-LA-VILLE,Appartement,91274,Gometz-la-Ville,1,4332.5,4332.5,34030.0,7.854587420657819
91,91274,GOMETZ-LA-VILLE,Maison,91274,Gometz-la-Ville,9,3378.7543254463476,3497.9423868312756,34030.0,9.728576470588235
91,91275,GOMETZ-LE-CHATEL,Appartement,91275,Gometz-le-Châtel,3,3505.6277056277054,4150.0,30690.0,7.395180722891566
91,91275,GOMETZ-LE-CHATEL,Maison,91275,Gometz-le-Châtel,14,3907.235616924616,3955.1402608915905,30690.0,7.759522539178341
91,91284,GRANGES-LE-ROI (LES),Maison,91284,Les Granges-le-Roi,9,2445.6570177758526,2440.875912408759,27850.0,11.409838516746412
91,91286,GRIGNY,Appartement,91286,Grigny,106,1328.8949901705098,1087.1171497584542,14790.0,13.604789514438421
91,91286,GRIGNY,Maison,91286,Grigny,18,2992.943156147584,2834.9805330937406,14790.0,5.216967039932389
91,91292,GUIBEVILLE,Appartement,91292,Guibeville,3,3518.824274303526,3474.576271186441,28690.0,8.257121951219512
91,91292,GUIBEVILLE,Maison,91292,Guibeville,9,3187.7042737833885,3243.2432432432433,28690.0,8.846083333333333
91,91293,GUIGNEVILLE,Appartement,91293,Guigneville-sur-Essonne,2,2840.116279069767,2840.116279069767,28550.0,10.05240532241556
91,91293,GUIGNEVILLE,Maison,91293,Guigneville-sur-Essonne,16,2572.4816583636625,2734.722222222222,28550.0,10.43981716607415
91,91294,GUILLERVAL,Maison,91294,Guillerval,8,2416.7995922725104,2419.792448112028,28330.0,11.707615676750976
91,91312,IGNY,Appartement,91312,Igny,27,4129.755089975404,4175.0,31760.0,7.607185628742515
91,91312,IGNY,Maison,91312,Igny,82,4931.1949362295645,4649.177489177489,31760.0,6.831315877686319
91,91315,ITTEVILLE,Appartement,91315,Itteville,7,3319.839418976546,3520.3125,28000.0,7.953839325343986
91,91315,ITTEVILLE,Maison,91315,Itteville,68,2944.117650182153,2853.0434782608695,28000.0,9.814081072843646
91,91318,JANVILLE-SUR-JUINE,Appartement,91318,Janville-sur-Juine,1,2583.0188679245284,2583.0188679245284,30320.0,11.738203067932798
91,91318,JANVILLE-SUR-JUINE,Maison,91318,Janville-sur-Juine,15,3513.980582816447,3695.6521739130435,30320.0,8.204235294117646
91,91319,JANVRY,Maison,91319,Janvry,5,3155.7304183535766,3130.0,32110.0,10.258785942492013
91,91326,JUVISY SUR ORGE,Appartement,91326,Juvisy-sur-Orge,143,3439.123208752147,3493.975903614458,23520.0,6.7315862068965515
91,91326,JUVISY SUR ORGE,Maison,91326,Juvisy-sur-Orge,53,3953.426112225081,3640.1162790697676,23520.0,6.461332055582175
91,91330,LARDY,Appartement,91330,Lardy,11,3112.9940575689093,2946.296296296296,28860.0,9.795348837209303
91,91330,LARDY,Maison,91330,Lardy,55,3372.845538589473,3058.714285714286,28860.0,9.435336976320583
91,91332,LEUDEVILLE,Appartement,91332,Leudeville,5,2998.7771279110557,2894.7368421052633,30370.0,10.491454545454545
91,91332,LEUDEVILLE,Maison,91332,Leudeville,7,3612.8718675924124,3583.3333333333335,30370.0,8.475348837209301
91,91333,LEUVILLE-SUR-ORGE,Appartement,91333,Leuville-sur-Orge,10,3077.9224136568587,3117.6470588235297,27910.0,8.952264150943396
91,91333,LEUVILLE-SUR-ORGE,Maison,91333,Leuville-sur-Orge,32,3201.397791979252,3291.1339662447253,27910.0,8.480359744166257
91,91338,LIMOURS,Appartement,91338,Limours,13,3578.3327119416153,3689.5348837209303,30560.0,8.28288685786322
91,91338,LIMOURS,Maison,91338,Limours,59,3415.0619965075102,3305.785123966942,30560.0,9.2444
91,91339,LINAS,Appartement,91339,Linas,26,3115.2279096848706,3038.621979286536,26350.0,8.671694004591826
91,91339,LINAS,Maison,91339,Linas,75,3293.3305952938445,3288.766666666667,26350.0,8.012122072104031
91,91340,LISSES,Appartement,91340,Lisses,15,2866.5815415780467,2714.285714285714,26150.0,9.63421052631579
91,91340,LISSES,Maison,91340,Lisses,54,2938.618982737094,2987.187769164513,26150.0,8.754052982519374
91,91345,LONGJUMEAU,Appartement,91345,Longjumeau,152,2727.166496553237,2637.2732958098813,23320.0,8.842466208204884
91,91345,LONGJUMEAU,Maison,91345,Longjumeau,67,3546.178554517909,3426.9662921348313,23320.0,6.804852459016394
91,91347,LONGPONT-SUR-ORGE,Appartement,91347,Longpont-sur-Orge,19,3533.4989411085285,3414.6341463414633,28330.0,8.296642857142858
91,91347,LONGPONT-SUR-ORGE,Maison,91347,Longpont-sur-Orge,57,3089.3342825074724,3091.743119266055,28330.0,9.163115727002968
91,91359,MAISSE,Appartement,91359,Maisse,8,2872.214267057221,2877.3496240601503,25060.0,8.709403886983505
91,91359,MAISSE,Maison,91359,Maisse,22,2658.658556881066,2833.0627705627703,25060.0,8.845550568236082
91,91363,MARCOUSSIS,Appartement,91363,Marcoussis,23,3339.287001061995,3131.5789473684213,28880.0,9.22218487394958
91,91363,MARCOUSSIS,Maison,91363,Marcoussis,58,3298.9529613113973,3266.176470588235,28880.0,8.842143178748312
91,91374,MAROLLES-EN-BEAUCE,Maison,91374,Marolles-en-Beauce,3,2524.403678340268,2321.4285714285716,28080.0,12.096
91,91376,MAROLLES-EN-HUREPOIX,Appartement,91376,Marolles-en-Hurepoix,16,3419.960169822444,3899.591836734694,28330.0,7.264862884655641
91,91376,MAROLLES-EN-HUREPOIX,Maison,91376,Marolles-en-Hurepoix,47,3387.043613574736,3397.4358974358975,28330.0,8.338641509433963
91,91377,MASSY,Appartement,91377,Massy,432,3972.868542045204,4109.959893048128,24560.0,5.975727413190209
91,91377,MASSY,Maison,91377,Massy,63,4557.843910778935,4443.181818181818,24560.0,5.527570332480819
91,91378,MAUCHAMPS,Appartement,91378,Mauchamps,4,3257.0888880472658,3408.9285714285716,30720.0,9.011629125196437
91,91378,MAUCHAMPS,Maison,91378,Mauchamps,4,3926.4324312072167,3445.3703703703704,30720.0,8.91631281913464
91,91386,MENNECY,Appartement,91386,Mennecy,62,2994.3052416390724,2998.7286527514234,27390.0,9.13387077382572
91,91386,MENNECY,Maison,91386,Mennecy,131,3124.307933648448,3037.3831775700933,27390.0,9.01763076923077
91,91390,LE MEREVILLOIS,Appartement,91390,Le Mérévillois,4,1789.2126148705097,1686.5079365079364,24880.0,14.752376470588237
91,91390,LE MEREVILLOIS,Maison,91390,Le Mérévillois,35,2400.888205965886,2340.425531914894,24880.0,10.630545454545453
91,91393,MEROBERT,Maison,91393,Mérobert,9,2011.4476864777587,2000.0,25480.0,12.74
91,91399,MESPUITS,Maison,91399,Mespuits,1,1454.5454545454545,1454.5454545454545,24360.0,16.7475
91,91405,MILLY-LA-FORET,Appartement,91405,Milly-la-Forêt,17,3043.022280726154,3200.0,28370.0,8.865625
91,91405,MILLY-LA-FORET,Maison,91405,Milly-la-Forêt,51,3237.800934240245,3193.27731092437,28370.0,8.88428947368421
91,91408,MOIGNY SUR ECOLE,Appartement,91408,Moigny-sur-École,1,3939.3939393939395,3939.3939393939395,30040.0,7.625538461538461
91,91408,MOIGNY SUR ECOLE,Maison,91408,Moigny-sur-École,16,3237.0443301538007,3006.4086814086813,30040.0,9.99198817704467
91,91411,MOLIERES (LES),Appartement,91411,Les Molières,1,2854.8387096774195,2854.8387096774195,35340.0,12.378983050847458
91,91411,MOLIERES (LES),Maison,91411,Les Molières,15,3711.7839563328184,3881.3008130081303,35340.0,9.105194805194804
91,91412,MONDEVILLE,Maison,91412,Mondeville,9,3208.9683407883745,3200.0,28360.0,8.8625
91,91414,MONNERVILLE,Maison,91414,Monnerville,5,1627.0236604804145,1448.9795918367347,24820.0,17.129295774647886
91,91421,MONTGERON,Appartement,91421,Montgeron,108,3704.3846625874567,3634.848484848485,25500.0,7.015423092955398
91,91421,MONTGERON,Maison,91421,Montgeron,136,4008.503707192043,3750.0,25500.0,6.8
91,91425,MONTLHERY,Appartement,91425,Montlhéry,69,3304.8709033458667,3333.3333333333335,26310.0,7.893
91,91425,MONTLHERY,Maison,91425,Montlhéry,28,3527.8449070872125,3484.3370786516853,26310.0,7.550934196694034
91,91432,MORANGIS,Appartement,91432,Morangis,60,3611.592170566358,3543.0641025641025,26260.0,7.411663814096881
91,91432,MORANGIS,Maison,91432,Morangis,89,4103.967006396827,3892.6174496644294,26260.0,6.746103448275862
91,91433,MORIGNY-CHAMPIGNY,Appartement,91433,Morigny-Champigny,10,2733.815437493494,2949.038461538462,28170.0,9.55226605803717
91,91433,MORIGNY-CHAMPIGNY,Maison,91433,Morigny-Champigny,40,3015.303208166525,2912.876254180602,28170.0,9.670853665537631
91,91434,MORSANG-SUR-ORGE,Appartement,91434,Morsang-sur-Orge,85,2722.1053380141248,2592.5925925925926,24900.0,9.604285714285714
91,91434,MORSANG-SUR-ORGE,Maison,91434,Morsang-sur-Orge,151,3750.9050453227455,3556.818181818182,24900.0,7.0006389776357825
91,91435,MORSANG-SUR-SEINE,Maison,91435,Morsang-sur-Seine,8,3330.2223962654466,3173.1182795698924,36150.0,11.392578786851915
91,91441,NAINVILLE-LES-ROCHES,Maison,91441,Nainville-les-Roches,3,3047.5109213723335,3206.185567010309,29150.0,9.091800643086817
91,91457,LA NORVILLE,Appartement,91457,La Norville,7,3408.6926034271805,3211.764705882353,28720.0,8.942124542124542
91,91457,LA NORVILLE,Maison,91457,La Norville,36,3165.1703692367796,3239.353099730458,28720.0,8.865967715094026
91,91458,NOZAY,Appartement,91458,Nozay,10,3341.915354289535,3338.59649122807,30540.0,9.147556489753022
91,91458,NOZAY,Maison,91458,Nozay,36,3220.123339708863,3240.01268230818,30540.0,9.425889030237792
91,91461,OLLAINVILLE,Appartement,91461,Ollainville,4,2641.7699487838945,2399.8237367802585,26790.0,11.163319867792875
91,91461,OLLAINVILLE,Maison,91461,Ollainville,33,3107.7550873234345,3144.4444444444443,26790.0,8.519787985865724
91,91463,ONCY SUR ECOLE,Maison,91463,Oncy-sur-École,6,2695.6179297089966,2594.484629294756,28290.0,10.903899634082594
91,91468,ORMOY,Appartement,91468,Ormoy,2,3819.4444444444443,3819.4444444444443,25400.0,6.650181818181818
91,91468,ORMOY,Maison,91468,Ormoy,27,3041.8959847123615,3272.717391304348,25400.0,7.761134544488359
91,91469,ORMOY-LA-RIVIERE,Appartement,91469,Ormoy-la-Rivière,3,2974.8397435897436,3222.980769230769,27670.0,8.585220322801993
91,91469,ORMOY-LA-RIVIERE,Maison,91469,Ormoy-la-Rivière,11,2593.5348027303216,2745.098039215686,27670.0,10.079785714285714
91,91471,ORSAY,Appartement,91471,Orsay,75,4384.507503735357,4171.428571428572,33200.0,7.9589041095890405
91,91471,ORSAY,Maison,91471,Orsay,94,4342.241153829844,4216.0530645824765,33200.0,7.8746636940841865
91,91477,PALAISEAU,Appartement,91477,Palaiseau,248,3759.0825349749066,3642.9761904761904,28570.0,7.842488807555309
91,91477,PALAISEAU,Maison,91477,Palaiseau,120,4791.757695627614,4568.246550956832,28570.0,6.254040731233285
91,91479,PARAY-VIEILLE-POSTE,Appartement,91479,Paray-Vieille-Poste,14,3495.820056986052,3711.231556760012,25300.0,6.81714401622718
91,91479,PARAY-VIEILLE-POSTE,Maison,91479,Paray-Vieille-Poste,43,3983.0963492719834,3939.3939393939395,25300.0,6.422307692307692
91,91482,PECQUEUSE,Appartement,91482,Pecqueuse,5,3060.4622847441183,3225.8064516129034,29530.0,9.1543
91,91482,PECQUEUSE,Maison,91482,Pecqueuse,7,3368.085024060515,3307.9234972677596,29530.0,8.927050466672172
91,91494,LE PLESSIS PATE,Appartement,91494,Le Plessis-Pâté,9,3401.610735960219,3301.9402985074626,28860.0,8.740315508746553
91,91494,LE PLESSIS PATE,Maison,91494,Le Plessis-Pâté,37,3314.72775160356,3263.157894736842,28860.0,8.844193548387096
91,91495,PLESSIS-SAINT-BENOIST,Maison,91495,Plessis-Saint-Benoist,2,1670.3129327056217,1670.3129327056217,26380.0,15.793447732736468
91,91507,PRUNAY-SUR-ESSONNE,Maison,91507,Prunay-sur-Essonne,4,2215.696284973393,2131.313131313131,28730.0,13.479952606635072
91,91508,PUISELET-LE-MARAIS,Maison,91508,Puiselet-le-Marais,6,2214.712016613646,2194.033464566929,29310.0,13.358957588090105
91,91511,PUSSAY,Appartement,91511,Pussay,12,1972.5943308663461,2025.462962962963,22820.0,11.26656
91,91511,PUSSAY,Maison,91511,Pussay,24,2193.327989614026,2295.53264604811,22820.0,9.941047904191617
91,91514,QUINCY-SOUS-SENART,Appartement,91514,Quincy-sous-Sénart,51,3109.5087869263384,2993.7496226415096,23930.0,7.993320422997019
91,91514,QUINCY-SOUS-SENART,Maison,91514,Quincy-sous-Sénart,50,3294.9043599998845,3228.1746031746034,23930.0,7.412858020897357
91,91519,RICHARVILLE,Maison,91519,Richarville,3,2908.869919855835,2613.6363636363635,28860.0,11.04208695652174
91,91521,RIS-ORANGIS,Appartement,91521,Ris-Orangis,170,2148.3800908739577,1973.2905982905982,20090.0,10.180963724959394
91,91521,RIS-ORANGIS,Maison,91521,Ris-Orangis,49,3554.7151558018327,3333.3333333333335,20090.0,6.027
91,91525,ROINVILLE-SOUS-DOURDAN,Appartement,91525,Roinville,2,3604.7,3604.7,30400.0,8.433434127666658
91,91525,ROINVILLE-SOUS-DOURDAN,Maison,91525,Roinville,9,2653.55846097549,2837.5,30400.0,10.713656387665198
91,91526,ROINVILLIERS,Maison,91526,Roinvilliers,1,3084.11214953271,3084.11214953271,32540.0,10.550848484848485
91,91533,SACLAS,Appartement,91533,Saclas,5,2017.2549536755257,1960.0,26060.0,13.295918367346939
91,91533,SACLAS,Maison,91533,Saclas,16,2533.7761384090727,2459.727112676056,26060.0,10.594671199785274
91,91534,SACLAY,Appartement,91534,Saclay,15,4662.845565977842,4561.833333333333,34070.0,7.468488546271602
91,91534,SACLAY,Maison,91534,Saclay,33,4526.244580004059,4563.333333333333,34070.0,7.4660336011687365
91,91538,SAINT-AUBIN,Maison,91538,Saint-Aubin,6,4426.986023589868,3941.485499613791,39060.0,9.909969224503634
91,91540,SAINT-CHERON,Appartement,91540,Saint-Chéron,21,3305.639762973431,3132.0,26980.0,8.614303959131545
91,91540,SAINT-CHERON,Maison,91540,Saint-Chéron,51,2980.6988304401084,2961.5384615384614,26980.0,9.110129870129871
91,91544,SAINT-CYR-LA-RIVIERE,Maison,91544,Saint-Cyr-la-Rivière,4,2467.8908452801716,2505.288461538462,28770.0,11.483707541738628
91,91546,SAINT-CYR-SOUS-DOURDAN,Maison,91546,Saint-Cyr-sous-Dourdan,13,3237.5734177127865,3135.4166666666665,30850.0,9.83920265780731
91,91547,SAINT-ESCOBILLE,Maison,91547,Saint-Escobille,10,2190.9976503668267,2157.741935483871,27050.0,12.53625355060547
91,91549,SAINTE-GENEVIEVE-DES-BOIS,Appartement,91549,Sainte-Geneviève-des-Bois,140,3019.3636615597125,2903.885630498534,24370.0,8.392203792067459
91,91549,SAINTE-GENEVIEVE-DES-BOIS,Maison,91549,Sainte-Geneviève-des-Bois,198,3664.0114165550413,3531.294007197622,24370.0,6.901152934399716
91,91552,SAINT-GERMAIN-LES-ARPAJON,Appartement,91552,Saint-Germain-lès-Arpajon,49,2772.529214052057,2560.0,24340.0,9.5078125
91,91552,SAINT-GERMAIN-LES-ARPAJON,Maison,91552,Saint-Germain-lès-Arpajon,71,3210.1510614059557,3116.883116883117,24340.0,7.809083333333333
91,91553,SAINT-GERMAIN-LES-CORBEIL,Appartement,91553,Saint-Germain-lès-Corbeil,34,3238.8539944633358,3146.529258469557,29890.0,9.49935549448481
91,91553,SAINT-GERMAIN-LES-CORBEIL,Maison,91553,Saint-Germain-lès-Corbeil,79,3311.51053132379,3170.731707317073,29890.0,9.426846153846155
91,91556,SAINT-HILAIRE,Appartement,91556,Saint-Hilaire,1,2920.9333333333334,2920.9333333333334,28180.0,9.647601223353266
91,91556,SAINT-HILAIRE,Maison,91556,Saint-Hilaire,6,2212.566550907092,2341.361256544503,28180.0,12.035733452593917
91,91560,SAINT-JEAN-DE-BEAUREGARD,Maison,91560,Saint-Jean-de-Beauregard,3,2814.109347442681,3185.185185185185,28890.0,9.070116279069767
91,91568,ST MAURICE MONTCOURONNE,Appartement,91568,Saint-Maurice-Montcouronne,5,3407.583304408192,3449.2537313432836,32930.0,9.54699264387711
91,91568,ST MAURICE MONTCOURONNE,Maison,91568,Saint-Maurice-Montcouronne,11,2600.966107094291,2814.516129032258,32930.0,11.700057306590258
91,91570,SAINT-MICHEL-SUR-ORGE,Appartement,91570,Saint-Michel-sur-Orge,113,2632.8286635553627,2527.777777777778,23160.0,9.162197802197802
91,91570,SAINT-MICHEL-SUR-ORGE,Maison,91570,Saint-Michel-sur-Orge,80,3385.885409245434,3277.529761904762,23160.0,7.066297389330306
91,91573,SAINT-PIERRE-DU-PERRAY,Appartement,91573,Saint-Pierre-du-Perray,64,3438.870116276378,3446.311475409836,26200.0,7.602330836009038
91,91573,SAINT-PIERRE-DU-PERRAY,Maison,91573,Saint-Pierre-du-Perray,81,3146.417206091625,3173.6180555555557,26200.0,8.25556180402231
91,91577,SAINTRY-SUR-SEINE,Appartement,91577,Saintry-sur-Seine,13,3314.404226807284,3363.6363636363635,27730.0,8.244054054054054
91,91577,SAINTRY-SUR-SEINE,Maison,91577,Saintry-sur-Seine,62,3160.0131531165657,3027.777777777778,27730.0,9.158532110091743
91,91578,SAINT-SULPICE-DE-FAVIERES,Maison,91578,Saint-Sulpice-de-Favières,7,2681.523357723515,2433.3333333333335,34040.0,13.98904109589041
91,91579,SAINT-VRAIN,Appartement,91579,Saint-Vrain,12,3402.756090715668,3267.5438596491226,29300.0,8.966979865771812
91,91579,SAINT-VRAIN,Maison,91579,Saint-Vrain,27,3281.718625437718,3318.181818181818,29300.0,8.83013698630137
91,91581,SAINT-YON,Maison,91581,Saint-Yon,12,3432.4798795721763,3136.666666666667,31620.0,10.080765143464399
91,91587,SAULX-LES-CHARTREUX,Appartement,91587,Saulx-les-Chartreux,34,3746.985557232344,3618.2608695652175,27220.0,7.522951213650565
91,91587,SAULX-LES-CHARTREUX,Maison,91587,Saulx-les-Chartreux,36,3464.6655023590447,3400.5146792316054,27220.0,8.004670635961126
91,91589,SAVIGNY-SUR-ORGE,Appartement,91589,Savigny-sur-Orge,190,3015.4596113334624,2984.848484848485,25590.0,8.573299492385786
91,91589,SAVIGNY-SUR-ORGE,Maison,91589,Savigny-sur-Orge,218,3973.2492362920043,3836.6571699905035,25590.0,6.669868811881188
91,91593,SERMAISE,Appartement,91593,Sermaise,2,2500.0,2500.0,28860.0,11.544
91,91593,SERMAISE,Maison,91593,Sermaise,18,2894.711370247562,2763.472222222222,28860.0,10.44338342463688
91,91599,SOISY-SUR-ECOLE,Maison,91599,Soisy-sur-École,17,3054.203513632685,2889.78102189781,29020.0,10.042283404900227
91,91600,SOISY-SUR-SEINE,Appartement,91600,Soisy-sur-Seine,19,3243.5404577816453,3133.3333333333335,30670.0,9.788297872340426
91,91600,SOISY-SUR-SEINE,Maison,91600,Soisy-sur-Seine,54,3421.5022188926705,3468.7600644122385,30670.0,8.841776147811151
91,91602,SOUZY-LA-BRICHE,Appartement,91602,Souzy-la-Briche,2,1985.0721784776904,1985.0721784776904,30190.0,15.208514998760432
91,91602,SOUZY-LA-BRICHE,Maison,91602,Souzy-la-Briche,2,2426.300093196645,2426.300093196645,30190.0,12.442813683539345
91,91613,CONGERVILLE-THIONVILLE,Maison,91613,Congerville-Thionville,2,1959.9780701754385,1959.9780701754385,25570.0,13.046064335664337
91,91617,TIGERY,Appartement,91617,Tigery,19,3805.721113561911,3730.0,27420.0,7.351206434316354
91,91617,TIGERY,Maison,91617,Tigery,21,3286.907731404846,3218.6111111111113,27420.0,8.519202554587036
91,91619,TORFOU,Maison,91619,Torfou,4,2777.5543804684153,2737.556561085973,30310.0,11.0719173553719
91,91629,VALPUISEAUX,Maison,91629,Valpuiseaux,6,3232.315912750695,3333.333333333333,28100.0,8.430000000000001
91,91630,VAL-SAINT-GERMAIN (LE),Appartement,91630,Le Val-Saint-Germain,4,2648.967347415101,2063.636363636364,31820.0,15.419383259911891
91,91630,VAL-SAINT-GERMAIN (LE),Maison,91630,Le Val-Saint-Germain,20,2988.8544738035835,2937.3650210084033,31820.0,10.83283819764291
91,91631,VARENNES-JARCY,Appartement,91631,Varennes-Jarcy,4,3980.1993780867024,4135.281385281385,33490.0,8.098602460088982
91,91631,VARENNES-JARCY,Maison,91631,Varennes-Jarcy,18,3484.842521455539,3335.6884057971015,33490.0,10.039906587736924
91,91634,VAUGRIGNEUSE,Appartement,91634,Vaugrigneuse,3,3096.205081291027,3178.5714285714284,28420.0,8.94112359550562
91,91634,VAUGRIGNEUSE,Maison,91634,Vaugrigneuse,12,2988.793457757547,3085.4172876304024,28420.0,9.211071745120911
91,91635,VAUHALLAN,Appartement,91635,Vauhallan,2,3642.8433641975307,3642.8433641975307,37410.0,10.269450607641188
91,91635,VAUHALLAN,Maison,91635,Vauhallan,18,4668.865881526221,4692.241379310345,37410.0,7.972735623736909
91,91639,VAYRES-SUR-ESSONNE,Appartement,91639,Vayres-sur-Essonne,1,2532.4675324675327,2532.4675324675327,26270.0,10.37328205128205
91,91639,VAYRES-SUR-ESSONNE,Maison,91639,Vayres-sur-Essonne,10,3706.058729889922,3034.090909090909,26270.0,8.658277153558053
91,91645,VERRIERES LE BUISSON,Appartement,91645,Verrières-le-Buisson,63,4124.809466827605,3984.375,36270.0,9.103058823529413
91,91645,VERRIERES LE BUISSON,Maison,91645,Verrières-le-Buisson,93,5432.379170689974,5280.188596491228,36270.0,6.869072825183178
91,91648,VERT LE GRAND,Appartement,91648,Vert-le-Grand,9,3847.3317013084006,3645.8333333333335,28960.0,7.943314285714285
91,91648,VERT LE GRAND,Maison,91648,Vert-le-Grand,24,3044.9014316651633,2909.5959595959594,28960.0,9.95327200138865
91,91649,VERT LE PETIT,Appartement,91649,Vert-le-Petit,10,3050.5462741623164,3263.9318885448915,27040.0,8.284486601849656
91,91649,VERT LE PETIT,Maison,91649,Vert-le-Petit,24,3188.383875014588,3218.9849624060153,27040.0,8.400163503649635
91,91654,VIDELLES,Maison,91654,Videlles,4,2695.5317167836997,2484.181141439206,29070.0,11.702045199150955
91,91657,VIGNEUX SUR SEINE,Appartement,91657,Vigneux-sur-Seine,104,3088.345793848085,3035.50135501355,21390.0,7.046611909650925
91,91657,VIGNEUX SUR SEINE,Maison,91657,Vigneux-sur-Seine,143,3476.1993861722704,3437.5,21390.0,6.222545454545455
91,91659,VILLABE,Appartement,91659,Villabé,12,2818.547756432308,2787.2023809523807,25350.0,9.095141484249867
91,91659,VILLABE,Maison,91659,Villabé,25,3135.040876975428,3148.936170212766,25350.0,8.050337837837839
91,91661,VILLEBON SUR YVETTE,Appartement,91661,Villebon-sur-Yvette,52,3292.4165424423722,3319.2090395480227,29190.0,8.794263829787234
91,91661,VILLEBON SUR YVETTE,Maison,91661,Villebon-sur-Yvette,49,4060.431005495402,3977.777777777778,29190.0,7.338268156424581
91,91662,VILLECONIN,Maison,91662,Villeconin,6,3184.127652348436,3169.909793814433,30030.0,9.473455698518201
91,91665,VILLE-DU-BOIS (LA),Appartement,91665,La Ville-du-Bois,12,2959.3886660628746,2956.9444444444443,27390.0,9.262940347581024
91,91665,VILLE-DU-BOIS (LA),Maison,91665,La Ville-du-Bois,60,3523.890109697245,3615.813598166539,27390.0,7.575058629650758
91,91666,VILLEJUST,Appartement,91666,Villejust,4,3390.074819401445,3526.666666666667,29140.0,8.262759924385632
91,91666,VILLEJUST,Maison,91666,Villejust,25,3595.439169081404,3640.7608695652175,29140.0,8.00382146589043
91,91667,VILLEMOISSON-S-ORGE,Appartement,91667,Villemoisson-sur-Orge,18,3631.405280216298,3867.741935483871,30300.0,7.8340283569641365
91,91667,VILLEMOISSON-S-ORGE,Maison,91667,Villemoisson-sur-Orge,64,3675.252541129768,3670.614919354839,30300.0,8.254747682801236
91,91671,VILLENEUVE-SUR-AUVERS,Maison,91671,Villeneuve-sur-Auvers,2,1668.9399680053887,1668.9399680053887,29220.0,17.508119261426696
91,91679,VILLIERS-LE-BACLE,Appartement,91679,Villiers-le-Bâcle,3,3653.02343159486,3366.6666666666665,34170.0,10.14950495049505
91,91679,VILLIERS-LE-BACLE,Maison,91679,Villiers-le-Bâcle,13,4040.1425712263194,3787.721518987342,34170.0,9.021254553353607
91,91685,VILLIERS-SUR-ORGE,Appartement,91685,Villiers-sur-Orge,8,3000.6842866580764,2786.875725900116,28900.0,10.370035424046677
91,91685,VILLIERS-SUR-ORGE,Maison,91685,Villiers-sur-Orge,23,3410.376514530771,3310.1063829787236,28900.0,8.730837216776473
91,91687,VIRY CHATILLON,Appartement,91687,Viry-Châtillon,192,2832.343392384119,2713.515406162465,21860.0,8.055970476657462
91,91687,VIRY CHATILLON,Maison,91687,Viry-Châtillon,103,3528.575993947019,3556.701030927835,21860.0,6.146144927536232
91,91689,WISSOUS,Appartement,91689,Wissous,39,3964.108362223109,4343.137254901961,29510.0,6.794627539503386
91,91689,WISSOUS,Maison,91689,Wissous,38,4220.382754912094,4048.442109144543,29510.0,7.289223657995104
91,91691,YERRES,Appartement,91691,Yerres,170,3102.476274789874,2981.2971859986274,28170.0,9.448907050359711
91,91691,YERRES,Maison,91691,Yerres,134,3880.2498075271715,3733.715103793844,28170.0,7.544764187116565
91,91692,LES ULIS,Appartement,91692,Les Ulis,135,2531.675693385782,2377.0491803278687,19950.0,8.392758620689655
91,91692,LES ULIS,Maison,91692,Les Ulis,18,3420.469940240847,3505.2631578947367,19950.0,5.691441441441442
92,92002,ANTONY,Appartement,92002,Antony,488,5124.779649799968,5081.15468409586,32000.0,6.297781112659449
92,92002,ANTONY,Maison,92002,Antony,210,6079.659755907714,5819.760769774011,32000.0,5.498507802279062
92,92004,ASNIERES-SUR-SEINE,Appartement,92004,Asnières-sur-Seine,1147,6171.745281242284,6219.512195121952,28370.0,4.561450980392157
92,92004,ASNIERES-SUR-SEINE,Maison,92004,Asnières-sur-Seine,94,7968.2335498236,7620.799919807538,28370.0,3.7227063167296066
92,92007,BAGNEUX,Appartement,92007,Bagneux,185,5019.03454102647,5000.0,21040.0,4.208
92,92007,BAGNEUX,Maison,92007,Bagneux,45,6659.023376936712,6186.928571428572,21040.0,3.400718103836429
92,92009,BOIS-COLOMBES,Appartement,92009,Bois-Colombes,320,6218.280120747482,6150.6640625,32650.0,5.308369904164311
92,92009,BOIS-COLOMBES,Maison,92009,Bois-Colombes,72,8200.133588100543,7854.5940170940175,32650.0,4.156803003305268
92,92012,BOULOGNE-BILLANCOURT,Appartement,92012,Boulogne-Billancourt,1516,8289.911840353348,8276.297872340427,35040.0,4.233777051102096
92,92012,BOULOGNE-BILLANCOURT,Maison,92012,Boulogne-Billancourt,23,10416.336139923093,10833.333333333334,35040.0,3.2344615384615385
92,92014,BOURG-LA-REINE,Appartement,92014,Bourg-la-Reine,192,5233.009606636486,5140.625,33700.0,6.555623100303952
92,92014,BOURG-LA-REINE,Maison,92014,Bourg-la-Reine,40,7658.726687564299,7394.562434782609,33700.0,4.557402861524523
92,92019,CHATENAY-MALABRY,Appartement,92019,Châtenay-Malabry,360,4793.955103969717,4873.0159883720935,27140.0,5.569446122229231
92,92019,CHATENAY-MALABRY,Maison,92019,Châtenay-Malabry,34,6203.106483176068,6046.856554054054,27140.0,4.488282425321345
92,92020,CHATILLON,Appartement,92020,Châtillon,347,5641.056802961234,5660.714285714285,30550.0,5.396845425867508
92,92020,CHATILLON,Maison,92020,Châtillon,63,7290.641652943349,7022.471910112359,30550.0,4.35032
92,92022,CHAVILLE,Appartement,92022,Chaville,172,5513.451371096557,5548.904538341158,32290.0,5.81916660791088
92,92022,CHAVILLE,Maison,92022,Chaville,54,7221.108329280022,7054.914989251514,32290.0,4.576950969529086
92,92023,CLAMART,Appartement,92023,Clamart,446,5680.429485684848,5653.571428571428,29920.0,5.292229943145926
92,92023,CLAMART,Maison,92023,Clamart,175,7007.866366487785,6909.090909090909,29920.0,4.330526315789474
92,92024,CLICHY,Appartement,92024,Clichy,723,6827.010078334611,6985.074626865671,22410.0,3.208269230769231
92,92024,CLICHY,Maison,92024,Clichy,4,7878.964401294499,7724.595469255664,22410.0,2.9011227952574465
92,92025,COLOMBES,Appartement,92025,Colombes,643,5046.925115346779,5036.585365853659,25100.0,4.983535108958837
92,92025,COLOMBES,Maison,92025,Colombes,309,6986.307690975588,6816.666666666667,25100.0,3.6821515892420535
92,92026,COURBEVOIE,Appartement,92026,Courbevoie,949,6675.36603392521,6648.351648351649,32080.0,4.825256198347107
92,92026,COURBEVOIE,Maison,92026,Courbevoie,33,9277.762735624692,9275.0,32080.0,3.4587601078167114
92,92032,FONTENAY-AUX-ROSES,Appartement,92032,Fontenay-aux-Roses,174,4310.47141273381,4182.022930431403,26990.0,6.453814445540547
92,92032,FONTENAY-AUX-ROSES,Maison,92032,Fontenay-aux-Roses,37,6133.449569666853,5858.695652173913,26990.0,4.60682745825603
92,92033,GARCHES,Appartement,92033,Garches,183,5449.945642992339,5238.0952380952385,36150.0,6.9013636363636355
92,92033,GARCHES,Maison,92033,Garches,39,8502.285887454253,8521.77966101695,36150.0,4.242071660849071
92,92035,LA GARENNE-COLOMBES,Appartement,92035,La Garenne-Colombes,398,6360.7984296689065,6426.406926406926,33090.0,5.1490670259346585
92,92035,LA GARENNE-COLOMBES,Maison,92035,La Garenne-Colombes,30,8127.451560397325,7879.837497958517,33090.0,4.199325177527182
92,92036,GENNEVILLIERS,Appartement,92036,Gennevilliers,123,4566.330277585089,4642.857142857143,18380.0,3.9587692307692306
92,92036,GENNEVILLIERS,Maison,92036,Gennevilliers,31,4186.371759642983,4147.765957446809,18380.0,4.4313011362179076
92,92040,ISSY-LES-MOULINEAUX,Appartement,92040,Issy-les-Moulineaux,683,7457.423464690799,7647.058823529412,33650.0,4.400384615384615
92,92040,ISSY-LES-MOULINEAUX,Maison,92040,Issy-les-Moulineaux,34,8810.147664524782,8768.483943241225,33650.0,3.8376075291712803
92,92044,LEVALLOIS-PERRET,Appartement,92044,Levallois-Perret,867,8972.443889606358,9009.009009009009,34500.0,3.8295
92,92044,LEVALLOIS-PERRET,Maison,92044,Levallois-Perret,4,12175.347222222223,11875.0,34500.0,2.905263157894737
92,92046,MALAKOFF,Appartement,92046,Malakoff,217,6428.489695980057,6360.0,25810.0,4.0581761006289305
92,92046,MALAKOFF,Maison,92046,Malakoff,41,7748.997869513993,7933.333333333333,25810.0,3.253361344537815
92,92047,MARNES-LA-COQUETTE,Appartement,92047,Marnes-la-Coquette,2,4937.776104417671,4937.776104417671,41740.0,8.453198184230457
92,92047,MARNES-LA-COQUETTE,Maison,92047,Marnes-la-Coquette,10,6844.8345404633465,6322.935867895545,41740.0,6.601363808216558
92,92048,MEUDON,Appartement,92048,Meudon,422,5075.876243533122,5291.912012518054,30680.0,5.797526475766462
92,92048,MEUDON,Maison,92048,Meudon,79,8305.764578144832,8043.478260869565,30680.0,3.81427027027027
92,92049,MONTROUGE,Appartement,92049,Montrouge,667,7021.432765967993,7155.223880597015,30500.0,4.262619941593659
92,92049,MONTROUGE,Maison,92049,Montrouge,18,10248.178450357123,10043.478260869564,30500.0,3.0367965367965373
92,92050,NANTERRE,Appartement,92050,Nanterre,356,4988.0655645552,4918.152610441767,21620.0,4.395959562966471
92,92050,NANTERRE,Maison,92050,Nanterre,117,6346.33245078091,6104.545454545455,21620.0,3.5416232315711094
92,92051,NEUILLY-SUR-SEINE,Appartement,92051,Neuilly-sur-Seine,865,10259.149924118647,10350.877192982456,48010.0,4.638254237288136
92,92051,NEUILLY-SUR-SEINE,Maison,92051,Neuilly-sur-Seine,8,10643.383730468471,13047.834960070984,48010.0,3.679537651029486
92,92060,LE PLESSIS-ROBINSON,Appartement,92060,Le Plessis-Robinson,318,5470.3302918823,5713.392857142857,31000.0,5.425847788716987
92,92060,LE PLESSIS-ROBINSON,Maison,92060,Le Plessis-Robinson,37,6220.3349265295055,6151.006711409396,31000.0,5.039825422804146
92,92062,PUTEAUX,Appartement,92062,Puteaux,526,7037.667749317263,7098.765432098766,30980.0,4.364139130434783
92,92062,PUTEAUX,Maison,92062,Puteaux,16,9055.69104965024,9617.519841269841,30980.0,3.221204688038323
92,92063,RUEIL-MALMAISON,Appartement,92063,Rueil-Malmaison,719,5466.890367385707,5429.245283018868,32980.0,6.074509122502172
92,92063,RUEIL-MALMAISON,Maison,92063,Rueil-Malmaison,208,7757.520591838505,7442.441860465116,32980.0,4.431341301460823
92,92064,SAINT-CLOUD,Appartement,92064,Saint-Cloud,316,6500.374412585689,6450.127877237852,39760.0,6.164218873909595
92,92064,SAINT-CLOUD,Maison,92064,Saint-Cloud,46,9366.718814689239,9468.75,39760.0,4.199075907590759
92,92071,SCEAUX,Appartement,92071,Sceaux,193,6005.0565593454785,5820.055555555556,36010.0,6.187226162407766
92,92071,SCEAUX,Maison,92071,Sceaux,42,7818.469742577258,7529.625174116753,36010.0,4.78244257413837
92,92072,SEVRES,Appartement,92072,Sèvres,161,5429.23654702554,5531.25,33680.0,6.0890395480225985
92,92072,SEVRES,Maison,92072,Sèvres,51,8038.741135749723,7818.181818181818,33680.0,4.307906976744186
92,92073,SURESNES,Appartement,92073,Suresnes,484,6549.551413527546,6739.687364307425,31810.0,4.719803498373224
92,92073,SURESNES,Maison,92073,Suresnes,56,8550.872442889746,8403.577586206897,31810.0,3.7852925939793702
92,92075,VANVES,Appartement,92075,Vanves,339,6407.585599182773,6343.289473684211,30770.0,4.850795494617188
92,92075,VANVES,Maison,92075,Vanves,29,8900.193061951457,7960.0,30770.0,3.8655778894472363
92,92076,VAUCRESSON,Appartement,92076,Vaucresson,78,5059.084007544794,4943.053830227744,41320.0,8.35920494074333
92,92076,VAUCRESSON,Maison,92076,Vaucresson,35,8159.1299888086105,7818.181818181818,41320.0,5.285116279069768
92,92077,VILLE-D'AVRAY,Appartement,92077,Ville-d'Avray,78,5117.887200371061,5113.916666666666,38490.0,7.52652076849121
92,92077,VILLE-D'AVRAY,Maison,92077,Ville-d'Avray,20,7537.9460699332,7654.625,38490.0,5.028332544050166
92,92078,VILLENEUVE-LA-GARENNE,Appartement,92078,Villeneuve-la-Garenne,84,3412.6347629095994,3225.4716981132074,18570.0,5.757297455396315
92,92078,VILLENEUVE-LA-GARENNE,Maison,92078,Villeneuve-la-Garenne,12,4296.739339131017,3987.1450791855204,18570.0,4.657467845086142
93,93001,AUBERVILLIERS,Appartement,93001,Aubervilliers,476,3973.717450218316,3988.1292517006805,15330.0,3.8439075146480626
93,93001,AUBERVILLIERS,Maison,93001,Aubervilliers,40,4529.174369052919,4353.322259136212,15330.0,3.5214484679665743
93,93005,AULNAY SOUS BOIS,Appartement,93005,Aulnay-sous-Bois,220,3179.5637311883793,3193.5707678075855,18710.0,5.858645810703164
93,93005,AULNAY SOUS BOIS,Maison,93005,Aulnay-sous-Bois,325,3820.077602248689,3690.4761904761904,18710.0,5.069806451612903
93,93006,BAGNOLET,Appartement,93006,Bagnolet,204,5268.634942279796,5247.950819672131,19060.0,3.6318937914877005
93,93006,BAGNOLET,Maison,93006,Bagnolet,49,6698.352429373756,6470.588235294118,19060.0,2.9456363636363636
93,93007,LE BLANC-MESNIL,Appartement,93007,Le Blanc-Mesnil,133,3376.449763488527,3475.0,17460.0,5.024460431654676
93,93007,LE BLANC-MESNIL,Maison,93007,Le Blanc-Mesnil,150,3800.0039136817795,3714.406779661017,17460.0,4.700616016427104
93,93008,BOBIGNY,Appartement,93008,Bobigny,114,3328.8342515600934,3376.7308341776425,16330.0,4.836038405760864
93,93008,BOBIGNY,Maison,93008,Bobigny,69,3809.2834258952316,3529.4117647058824,16330.0,4.626833333333333
93,93010,BONDY,Appartement,93010,Bondy,188,2949.2753814368143,2881.060606060606,17210.0,5.973494609518801
93,93010,BONDY,Maison,93010,Bondy,124,3847.6197515803856,3489.130434782609,17210.0,4.932461059190031
93,93013,LE BOURGET,Appartement,93013,Le Bourget,81,3549.4512893067877,3358.208955223881,17230.0,5.13071111111111
93,93013,LE BOURGET,Maison,93013,Le Bourget,17,3941.9001539471055,3365.3846153846152,17230.0,5.119771428571429
93,93014,CLICHY SOUS BOIS,Appartement,93014,Clichy-sous-Bois,82,1941.1295038789842,1843.3333333333333,15260.0,8.278481012658228
93,93014,CLICHY SOUS BOIS,Maison,93014,Clichy-sous-Bois,31,3306.3132197552422,3030.9278350515465,15260.0,5.034761904761905
93,93015,COUBRON,Appartement,93015,Coubron,14,2861.313058888375,2907.866379310345,27100.0,9.319547896979802
93,93015,COUBRON,Maison,93015,Coubron,39,3152.006738169251,3052.0833333333335,27100.0,8.879180887372014
93,93027,LA COURNEUVE,Appartement,93027,La Courneuve,107,2834.4865065306194,2735.8490566037735,15150.0,5.537586206896552
93,93027,LA COURNEUVE,Maison,93027,La Courneuve,24,4269.320850299031,4316.494360902256,15150.0,3.509792607914648
93,93029,DRANCY,Appartement,93029,Drancy,239,3356.566841193428,3253.968253968254,18660.0,5.734536585365854
93,93029,DRANCY,Maison,93029,Drancy,209,4035.427055296164,3805.309734513274,18660.0,4.903674418604651
93,93030,DUGNY,Appartement,93030,Dugny,36,3066.3229395796498,3156.5656565656564,17070.0,5.407776
93,93030,DUGNY,Maison,93030,Dugny,2,2862.0422283192174,2862.0422283192174,17070.0,5.9642725851828695
93,93031,EPINAY SUR SEINE,Appartement,93031,Épinay-sur-Seine,262,2889.4628638011027,2771.4987714987715,17880.0,6.451382978723404
93,93031,EPINAY SUR SEINE,Maison,93031,Épinay-sur-Seine,70,3667.533491608727,3544.7166469893746,17880.0,5.044126733003039
93,93032,GAGNY,Appartement,93032,Gagny,162,3199.489551057492,3081.1688311688313,23090.0,7.49390937829294
93,93032,GAGNY,Maison,93032,Gagny,213,4045.6728243389957,3648.6486486486488,23090.0,6.32837037037037
93,93033,GOURNAY SUR MARNE,Appartement,93033,Gournay-sur-Marne,34,4225.197670651714,4198.4180035650625,29930.0,7.128875679978771
93,93033,GOURNAY SUR MARNE,Maison,93033,Gournay-sur-Marne,60,4158.753497667478,4003.8167938931297,29930.0,7.475367016205911
93,93039,L'ILE-SAINT-DENIS,Appartement,93039,L'Île-Saint-Denis,29,3873.2379979595803,3963.4146341463415,17740.0,4.475938461538462
93,93039,L'ILE-SAINT-DENIS,Maison,93039,L'Île-Saint-Denis,5,4933.027673906457,5308.056074766355,17740.0,3.3420897876970646
93,93045,LES LILAS,Appartement,93045,Les Lilas,232,6482.398449166028,6559.402777777777,25490.0,3.8860245152738755
93,93045,LES LILAS,Maison,93045,Les Lilas,18,7930.042775131494,8190.104166666667,25490.0,3.1122925278219395
93,93046,LIVRY-GARGAN,Appartement,93046,Livry-Gargan,264,3034.4554086307626,2900.254385964912,21750.0,7.499342162968161
93,93046,LIVRY-GARGAN,Maison,93046,Livry-Gargan,175,3840.492857106129,3606.060606060606,21750.0,6.031512605042017
93,93047,MONTFERMEIL,Appartement,93047,Montfermeil,49,3017.798171192349,3157.8947368421054,20870.0,6.608833333333333
93,93047,MONTFERMEIL,Maison,93047,Montfermeil,158,3635.8869303012843,3444.69696969697,20870.0,6.058588080052782
93,93048,MONTREUIL,Appartement,93048,Montreuil,855,5972.069777655877,6000.0,21150.0,3.525
93,93048,MONTREUIL,Maison,93048,Montreuil,186,6377.140105927101,6023.180458624127,21150.0,3.5114338919925516
93,93049,NEUILLY-PLAISANCE,Appartement,93049,Neuilly-Plaisance,137,3855.3465987828968,3708.3333333333335,26590.0,7.170337078651685
93,93049,NEUILLY-PLAISANCE,Maison,93049,Neuilly-Plaisance,108,4695.094699783396,4499.808836023789,26590.0,5.909139914373782
93,93050,NEUILLY-SUR-MARNE,Appartement,93050,Neuilly-sur-Marne,192,3026.4413485974924,3032.608695652174,21000.0,6.924731182795699
93,93050,NEUILLY-SUR-MARNE,Maison,93050,Neuilly-sur-Marne,69,4072.576540688556,3986.0,21000.0,5.268439538384345
93,93051,NOISY-LE-GRAND,Appartement,93051,Noisy-le-Grand,510,4183.451789579097,4334.811827956989,23490.0,5.418920343555239
93,93051,NOISY-LE-GRAND,Maison,93051,Noisy-le-Grand,165,4570.717541880868,4444.444444444444,23490.0,5.2852500000000004
93,93053,NOISY-LE-SEC,Appartement,93053,Noisy-le-Sec,202,3493.969730630593,3416.9944925255704,18450.0,5.39948192493668
93,93053,NOISY-LE-SEC,Maison,93053,Noisy-le-Sec,95,4514.656431664108,4411.764705882353,18450.0,4.1819999999999995
93,93055,PANTIN,Appartement,93055,Pantin,492,5855.637329326609,5909.090909090909,19740.0,3.3406153846153845
93,93055,PANTIN,Maison,93055,Pantin,24,7405.405054127169,7643.734567901234,19740.0,2.582507258022184
93,93057,LES PAVILLONS-SOUS-BOIS,Appartement,93057,Les Pavillons-sous-Bois,146,3028.215646948447,2996.323529411765,21890.0,7.30561963190184
93,93057,LES PAVILLONS-SOUS-BOIS,Maison,93057,Les Pavillons-sous-Bois,102,3809.2915257911536,3622.2084367245657,21890.0,6.043274533310498
93,93061,LE PRE-SAINT-GERVAIS,Appartement,93061,Le Pré-Saint-Gervais,138,6308.933372286171,6265.845070422535,21600.0,3.4472604664231525
93,93061,LE PRE-SAINT-GERVAIS,Maison,93061,Le Pré-Saint-Gervais,13,7711.249697250476,7926.829268292683,21600.0,2.724923076923077
93,93062,LE RAINCY,Appartement,93062,Le Raincy,149,3959.4686951102117,3970.5882352941176,28820.0,7.25837037037037
93,93062,LE RAINCY,Maison,93062,Le Raincy,62,5119.81116946812,4875.523410734679,28820.0,5.91116021236727
93,93063,ROMAINVILLE,Appartement,93063,Romainville,233,5238.662623698264,5325.0,21110.0,3.9643192488262913
93,93063,ROMAINVILLE,Maison,93063,Romainville,58,5795.73469332784,5502.226720647774,21110.0,3.836628527280085
93,93064,ROSNY-SOUS-BOIS,Appartement,93064,Rosny-sous-Bois,322,3760.9954950112765,3765.2023411371238,21820.0,5.795173279694225
93,93064,ROSNY-SOUS-BOIS,Maison,93064,Rosny-sous-Bois,94,4910.4571062582,4587.121212121212,21820.0,4.756796036333609
93,93066,SAINT-DENIS,Appartement,93066,Saint-Denis,740,3818.0885466247596,3916.6161059018204,16350.0,4.174521974559294
93,93066,SAINT-DENIS,Maison,93066,Saint-Denis,115,3711.3122114937655,3161.2903225806454,16350.0,5.1719387755102035
93,93070,SAINT-OUEN-SUR-SEINE,Appartement,93070,Saint-Ouen-sur-Seine,599,6312.469371410524,6432.4324324324325,20440.0,3.1776470588235295
93,93070,SAINT-OUEN-SUR-SEINE,Maison,93070,Saint-Ouen-sur-Seine,31,7401.017006890661,8098.1,20440.0,2.524048850965041
93,93071,SEVRAN,Appartement,93071,Sevran,134,2346.1103445541758,2187.5,17300.0,7.908571428571428
93,93071,SEVRAN,Maison,93071,Sevran,132,3465.3874201903723,3333.3333333333335,17300.0,5.1899999999999995
93,93072,STAINS,Appartement,93072,Stains,66,2777.0188631915266,2764.945652173913,16130.0,5.833749385749385
93,93072,STAINS,Maison,93072,Stains,65,3456.570966913448,3333.3333333333335,16130.0,4.8389999999999995
93,93073,TREMBLAY-EN-FRANCE,Appartement,93073,Tremblay-en-France,86,2855.684848926925,2676.5306122448983,21420.0,8.002897445672893
93,93073,TREMBLAY-EN-FRANCE,Maison,93073,Tremblay-en-France,190,3522.073868242361,3442.37012987013,21420.0,6.222456967696298
93,93074,VAUJOURS,Appartement,93074,Vaujours,45,3333.447233408538,3076.923076923077,23430.0,7.61475
93,93074,VAUJOURS,Maison,93074,Vaujours,29,3696.1502019147874,3550.0,23430.0,6.6
93,93077,VILLEMOMBLE,Appartement,93077,Villemomble,158,3600.949493437496,3523.157894736842,23920.0,6.789363609202271
93,93077,VILLEMOMBLE,Maison,93077,Villemomble,136,4195.227645891042,4132.633121641426,23920.0,5.78807730953366
93,93078,VILLEPINTE,Appartement,93078,Villepinte,139,2669.6904130615017,2610.169491525424,19060.0,7.302207792207792
93,93078,VILLEPINTE,Maison,93078,Villepinte,124,3229.3639906788885,3155.034324942792,19060.0,6.041138712601994
93,93079,VILLETANEUSE,Appartement,93079,Villetaneuse,16,2629.949078907934,2790.1483781918564,16640.0,5.963840536245416
93,93079,VILLETANEUSE,Maison,93079,Villetaneuse,17,3453.281810519871,2890.243902439024,16640.0,5.757299578059072
94,94001,ABLON-SUR-SEINE,Appartement,94001,Ablon-sur-Seine,35,2792.772063954075,2592.5925925925926,24000.0,9.257142857142856
94,94001,ABLON-SUR-SEINE,Maison,94001,Ablon-sur-Seine,22,3591.267375427482,3481.103166496425,24000.0,6.894366197183099
94,94002,ALFORTVILLE,Appartement,94002,Alfortville,356,4931.632144463923,4913.700480192077,22360.0,4.550541916451111
94,94002,ALFORTVILLE,Maison,94002,Alfortville,50,6296.859895802626,6023.9811912225705,22360.0,3.7118309785861108
94,94003,ARCUEIL,Appartement,94003,Arcueil,122,5149.206567399096,5000.0,23560.0,4.712
94,94003,ARCUEIL,Maison,94003,Arcueil,32,5664.79798850181,5423.807324966454,23560.0,4.3438121209708935
94,94004,BOISSY-SAINT-LEGER,Appartement,94004,Boissy-Saint-Léger,94,3209.6136293777195,3217.7083333333335,21400.0,6.650696018128844
94,94004,BOISSY-SAINT-LEGER,Maison,94004,Boissy-Saint-Léger,32,3685.7593874721088,3633.7595279075485,21400.0,5.889217444260243
94,94011,BONNEUIL-SUR-MARNE,Appartement,94011,Bonneuil-sur-Marne,38,3364.7259701154676,3441.6666666666665,19530.0,5.674576271186441
94,94011,BONNEUIL-SUR-MARNE,Maison,94011,Bonneuil-sur-Marne,24,4646.33139464992,4428.490648107873,19530.0,4.410080443174117
94,94015,BRY-SUR-MARNE,Appartement,94015,Bry-sur-Marne,156,4756.283623703744,4708.806818181818,31250.0,6.636500754147813
94,94015,BRY-SUR-MARNE,Maison,94015,Bry-sur-Marne,73,6146.3765973822865,5911.111111111111,31250.0,5.286654135338345
94,94016,CACHAN,Appartement,94016,Cachan,216,5031.330052702624,4954.736979166666,25800.0,5.20713816060914
94,94016,CACHAN,Maison,94016,Cachan,47,5745.052013108534,5800.0,25800.0,4.448275862068965
94,94017,CHAMPIGNY-SUR-MARNE,Appartement,94017,Champigny-sur-Marne,319,3713.332494678464,3641.791044776119,21260.0,5.837786885245902
94,94017,CHAMPIGNY-SUR-MARNE,Maison,94017,Champigny-sur-Marne,264,4706.686498712814,4380.875682562795,21260.0,4.852911048040282
94,94018,CHARENTON-LE-PONT,Appartement,94018,Charenton-le-Pont,350,7337.601959698543,7444.51810300867,30250.0,4.063392630850692
94,94018,CHARENTON-LE-PONT,Maison,94018,Charenton-le-Pont,5,10646.366776759834,10770.0,30250.0,2.808727948003714
94,94019,CHENNEVIERES SUR MARNE,Appartement,94019,Chennevières-sur-Marne,185,3388.746265112088,3227.2727272727275,23910.0,7.408732394366197
94,94019,CHENNEVIERES SUR MARNE,Maison,94019,Chennevières-sur-Marne,67,4677.196776061634,4139.784946236559,23910.0,5.775662337662338
94,94021,CHEVILLY-LARUE,Appartement,94021,Chevilly-Larue,127,3641.042429955292,3424.6575342465753,22100.0,6.4532
94,94021,CHEVILLY-LARUE,Maison,94021,Chevilly-Larue,25,4483.676707317669,4705.128205128205,22100.0,4.697002724795641
94,94022,CHOISY-LE-ROI,Appartement,94022,Choisy-le-Roi,345,3533.5404927559007,3482.0246913580245,20840.0,5.985023613336926
94,94022,CHOISY-LE-ROI,Maison,94022,Choisy-le-Roi,72,4545.339537595361,4388.7477231329685,20840.0,4.748507163023505
94,94028,CRETEIL,Appartement,94028,Créteil,534,3716.3510386026123,3558.422425032594,21270.0,5.977367906174089
94,94028,CRETEIL,Maison,94028,Créteil,66,5602.9505035007805,5391.979166666666,21270.0,3.9447481792013606
94,94033,FONTENAY-SOUS-BOIS,Appartement,94033,Fontenay-sous-Bois,369,5582.718004838488,5559.677419354839,25750.0,4.631563678561068
94,94033,FONTENAY-SOUS-BOIS,Maison,94033,Fontenay-sous-Bois,149,7198.706086305353,6875.0,25750.0,3.7454545454545456
94,94034,FRESNES,Appartement,94034,Fresnes,236,3265.914885543712,3127.2058823529414,23940.0,7.655396190924053
94,94034,FRESNES,Maison,94034,Fresnes,46,4575.472809149948,4717.911392405063,23940.0,5.0742792750493
94,94037,GENTILLY,Appartement,94037,Gentilly,135,5625.404744447027,5675.675675675676,22390.0,3.9449047619047617
94,94037,GENTILLY,Maison,94037,Gentilly,11,6663.679034258806,6272.727272727273,22390.0,3.5694202898550724
94,94038,L'HAY-LES-ROSES,Appartement,94038,L'Haÿ-les-Roses,189,4159.771099279446,4000.0,24990.0,6.2475
94,94038,L'HAY-LES-ROSES,Maison,94038,L'Haÿ-les-Roses,93,5109.745519573286,4969.2307692307695,24990.0,5.028947368421052
94,94041,IVRY-SUR-SEINE,Appartement,94041,Ivry-sur-Seine,451,4997.787950311087,4926.470588235294,19680.0,3.9947462686567166
94,94041,IVRY-SUR-SEINE,Maison,94041,Ivry-sur-Seine,36,5719.759031706797,5925.621468926554,19680.0,3.321170632177606
94,94042,JOINVILLE-LE-PONT,Appartement,94042,Joinville-le-Pont,177,5594.043286426483,5500.0,29100.0,5.290909090909091
94,94042,JOINVILLE-LE-PONT,Maison,94042,Joinville-le-Pont,56,6861.445402875844,6841.935353535353,29100.0,4.253182542124357
94,94043,LE KREMLIN-BICETRE,Appartement,94043,Le Kremlin-Bicêtre,219,5683.975329239985,5588.235294117647,23910.0,4.278631578947369
94,94043,LE KREMLIN-BICETRE,Maison,94043,Le Kremlin-Bicêtre,11,6083.563075618354,5930.555555555556,23910.0,4.031662763466042
94,94044,LIMEIL-BREVANNES,Appartement,94044,Limeil-Brévannes,178,3319.7764508525306,3332.6502732240438,22550.0,6.766386554621849
94,94044,LIMEIL-BREVANNES,Maison,94044,Limeil-Brévannes,58,3461.0883758644,3588.5620915032678,22550.0,6.283853929514616
94,94046,MAISONS-ALFORT,Appartement,94046,Maisons-Alfort,531,5448.329043212282,5425.531914893617,28010.0,5.162627450980392
94,94046,MAISONS-ALFORT,Maison,94046,Maisons-Alfort,88,6504.6623818196795,6357.487027427724,28010.0,4.405828887917214
94,94047,MANDRES-LES-ROSES,Appartement,94047,Mandres-les-Roses,6,3551.584519030073,3430.357142857143,28200.0,8.220718375845912
94,94047,MANDRES-LES-ROSES,Maison,94047,Mandres-les-Roses,33,3563.0070323477225,3582.608695652174,28200.0,7.871359223300971
94,94048,MAROLLES-EN-BRIE,Appartement,94048,Marolles-en-Brie,8,3988.3902863570647,4043.048279404212,32140.0,7.949447490826448
94,94048,MAROLLES-EN-BRIE,Maison,94048,Marolles-en-Brie,47,3391.317439022453,3356.2874251497005,32140.0,9.576057091882248
94,94052,NOGENT-SUR-MARNE,Appartement,94052,Nogent-sur-Marne,421,6032.915336934101,6128.888888888889,33240.0,5.423495286439449
94,94052,NOGENT-SUR-MARNE,Maison,94052,Nogent-sur-Marne,48,7991.6615589705225,8123.454054054055,33240.0,4.091855481525299
94,94053,NOISEAU,Appartement,94053,Noiseau,22,3858.323673162372,3834.782608695652,28950.0,7.549319727891157
94,94053,NOISEAU,Maison,94053,Noiseau,23,3986.93724051818,3744.8453608247423,28950.0,7.730626290433586
94,94054,ORLY,Appartement,94054,Orly,63,3366.463965127135,3373.4177215189875,19610.0,5.8130956848030015
94,94054,ORLY,Maison,94054,Orly,58,4312.44649535997,4027.0123839009284,19610.0,4.8696150223913595
94,94055,ORMESSON-SUR-MARNE,Appartement,94055,Ormesson-sur-Marne,4,4245.481222803232,4361.694152923538,29610.0,6.788646558391338
94,94055,ORMESSON-SUR-MARNE,Maison,94055,Ormesson-sur-Marne,94,4250.263501656273,3939.75468975469,29610.0,7.515696364801758
94,94056,PERIGNY,Appartement,94056,Périgny,3,2927.680311890838,2977.777777777778,29480.0,9.9
94,94056,PERIGNY,Maison,94056,Périgny,23,3361.4048964720564,3226.0115606936415,29480.0,9.138218957176134
94,94058,LE PERREUX-SUR-MARNE,Appartement,94058,Le Perreux-sur-Marne,366,5328.936601567598,5356.203007518797,31180.0,5.8212879452535535
94,94058,LE PERREUX-SUR-MARNE,Maison,94058,Le Perreux-sur-Marne,107,6563.961869590013,6271.186440677966,31180.0,4.971945945945946
94,94059,LE PLESSIS-TREVISE,Appartement,94059,Le Plessis-Trévise,178,3543.674686555466,3493.0905695611577,26100.0,7.471893293416375
94,94059,LE PLESSIS-TREVISE,Maison,94059,Le Plessis-Trévise,55,4392.66385953163,4250.0,26100.0,6.141176470588236
94,94060,LA QUEUE-EN-BRIE,Appartement,94060,La Queue-en-Brie,16,3558.457798339628,3432.6788218793827,25520.0,7.434426966292135
94,94060,LA QUEUE-EN-BRIE,Maison,94060,La Queue-en-Brie,81,3443.26788386238,3298.75,25520.0,7.736263736263736
94,94065,RUNGIS,Appartement,94065,Rungis,78,3943.751130960254,3911.520045248869,29770.0,7.610851959242841
94,94065,RUNGIS,Maison,94065,Rungis,28,5081.837041515384,4809.197324414716,29770.0,6.190222191314024
94,94067,SAINT-MANDE,Appartement,94067,Saint-Mandé,294,8576.113742592608,8516.889238020423,36180.0,4.2480298837852795
94,94067,SAINT-MANDE,Maison,94067,Saint-Mandé,4,11940.447381877319,11490.067890369624,36180.0,3.148806460084034
94,94068,SAINT-MAUR-DES-FOSSES,Appartement,94068,Saint-Maur-des-Fossés,785,5385.180157691875,5256.410256410257,32730.0,6.226682926829268
94,94068,SAINT-MAUR-DES-FOSSES,Maison,94068,Saint-Maur-des-Fossés,347,6923.569916075541,6753.846153846154,32730.0,4.846127562642368
94,94069,ST MAURICE,Appartement,94069,Saint-Maurice,179,5763.841020122642,5833.333333333333,28510.0,4.887428571428572
94,94069,ST MAURICE,Maison,94069,Saint-Maurice,6,9039.353011051628,9522.775554187192,28510.0,2.993875035463171
94,94070,SANTENY,Appartement,94070,Santeny,8,3909.6163081228883,3617.419683257918,30540.0,8.442481844543702
94,94070,SANTENY,Maison,94070,Santeny,33,3275.62923808374,3250.670731707317,30540.0,9.39498414961265
94,94071,SUCY-EN-BRIE,Appartement,94071,Sucy-en-Brie,110,3419.7792683975854,3417.422867513612,28120.0,8.22842272968667
94,94071,SUCY-EN-BRIE,Maison,94071,Sucy-en-Brie,133,4254.197657946626,3969.6969696969695,28120.0,7.083664122137405
94,94073,THIAIS,Appartement,94073,Thiais,231,3742.412474429586,3677.9661016949153,24670.0,6.707511520737327
94,94073,THIAIS,Maison,94073,Thiais,69,4611.116856360933,4468.571428571428,24670.0,5.520780051150895
94,94074,VALENTON,Appartement,94074,Valenton,12,3435.596117119237,3478.846153846154,17690.0,5.085019347705915
94,94074,VALENTON,Maison,94074,Valenton,24,3690.7914977765013,3567.4435028248586,17690.0,4.958733049589231
94,94075,VILLECRESNES,Appartement,94075,Villecresnes,38,3499.8932935386624,3606.332082551595,27830.0,7.716982064588292
94,94075,VILLECRESNES,Maison,94075,Villecresnes,86,3904.055008873797,3640.8133971291863,27830.0,7.6438962848093785
94,94076,VILLEJUIF,Appartement,94076,Villejuif,330,4889.107979458499,4787.613122171946,21950.0,4.584748065449819
94,94076,VILLEJUIF,Maison,94076,Villejuif,85,5765.010453877174,5700.0,21950.0,3.8508771929824563
94,94077,VILLENEUVE-LE-ROI,Appartement,94077,Villeneuve-le-Roi,71,3367.5551552099905,3239.655172413793,22380.0,6.90814262905801
94,94077,VILLENEUVE-LE-ROI,Maison,94077,Villeneuve-le-Roi,84,3956.3106478097043,3742.0886075949365,22380.0,5.98061733615222
94,94078,VILLENEUVE-SAINT-GEORGES,Appartement,94078,Villeneuve-Saint-Georges,81,2703.5979875734884,2560.9756097560976,16960.0,6.62247619047619
94,94078,VILLENEUVE-SAINT-GEORGES,Maison,94078,Villeneuve-Saint-Georges,90,3651.9284679608018,3163.0740393626993,16960.0,5.361872592592593
94,94079,VILLIERS-SUR-MARNE,Appartement,94079,Villiers-sur-Marne,230,3862.332458759257,3848.8612836438924,24020.0,6.24080688542227
94,94079,VILLIERS-SUR-MARNE,Maison,94079,Villiers-sur-Marne,116,4457.128477625309,4207.551487414187,24020.0,5.708783379561647
94,94080,VINCENNES,Appartement,94080,Vincennes,735,8548.671148051573,8578.947368421053,34880.0,4.065766871165644
94,94080,VINCENNES,Maison,94080,Vincennes,35,10661.399177636,10730.76923076923,34880.0,3.2504659498207884
94,94081,VITRY-SUR-SEINE,Appartement,94081,Vitry-sur-Seine,373,3940.675571219022,3863.6363636363635,19490.0,5.044470588235295
94,94081,VITRY-SUR-SEINE,Maison,94081,Vitry-sur-Seine,121,5135.817788285437,4687.5,19490.0,4.157866666666667
95,95002,ABLEIGES,Maison,95002,Ableiges,10,2978.987076193988,2937.878787878788,29290.0,9.96977823620423
95,95008,AINCOURT,Appartement,95008,Aincourt,2,887.572463768116,887.572463768116,27280.0,30.735518634934888
95,95008,AINCOURT,Maison,95008,Aincourt,7,2447.6244228744094,2527.2727272727275,27280.0,10.794244604316546
95,95011,AMBLEVILLE,Maison,95011,Ambleville,3,3770.740740740741,2990.0,28290.0,9.461538461538462
95,95012,AMENUCOURT,Maison,95012,Amenucourt,1,2272.7272727272725,2272.7272727272725,25400.0,11.176
95,95014,ANDILLY,Appartement,95014,Andilly,5,3704.6578920727816,3945.4545454545455,30190.0,7.65184331797235
95,95014,ANDILLY,Maison,95014,Andilly,10,3919.3117931844836,3749.203162456205,30190.0,8.052377716501686
95,95018,ARGENTEUIL,Appartement,95018,Argenteuil,466,3209.082912118384,3073.863636363636,19350.0,6.295009242144178
95,95018,ARGENTEUIL,Maison,95018,Argenteuil,343,3966.039416052146,3812.5,19350.0,5.075409836065574
95,95019,ARNOUVILLE,Appartement,95019,Arnouville,26,2872.1094964949716,2777.777777777778,20790.0,7.4844
95,95019,ARNOUVILLE,Maison,95019,Arnouville,74,3480.950172520285,3408.776155351498,20790.0,6.098963103623396
95,95023,ARRONVILLE,Maison,95023,Arronville,5,2996.1889707052237,3458.3333333333335,30040.0,8.686265060240963
95,95024,ARTHIES,Maison,95024,Arthies,6,2616.414126393744,2095.22972339428,28670.0,13.683463765278441
95,95026,ASNIERES-SUR-OISE,Appartement,95026,Asnières-sur-Oise,2,2598.9928607853135,2598.9928607853135,28210.0,10.854204498074706
95,95026,ASNIERES-SUR-OISE,Maison,95026,Asnières-sur-Oise,31,3131.8016918398416,3031.1111111111113,28210.0,9.306818181818182
95,95028,ATTAINVILLE,Appartement,95028,Attainville,1,3613.3333333333335,3613.3333333333335,28920.0,8.003690036900368
95,95028,ATTAINVILLE,Maison,95028,Attainville,11,3291.4011780610585,3191.4893617021276,28920.0,9.0616
95,95039,AUVERS-SUR-OISE,Appartement,95039,Auvers-sur-Oise,17,3328.7414291583227,3026.315789473684,28940.0,9.562782608695652
95,95039,AUVERS-SUR-OISE,Maison,95039,Auvers-sur-Oise,66,3971.3762818436026,3736.5079365079364,28940.0,7.745199660152932
95,95040,AVERNES,Maison,95040,Avernes,9,2580.1958277134872,2393.3333333333335,30070.0,12.564066852367688
95,95042,BAILLET-EN-FRANCE,Appartement,95042,Baillet-en-France,8,3347.9609369983464,3400.5403579871663,29910.0,8.795660939517331
95,95042,BAILLET-EN-FRANCE,Maison,95042,Baillet-en-France,22,3169.0461191987038,3160.086397428169,29910.0,9.464931093131568
95,95046,BANTHELU,Maison,95046,Banthelu,3,2202.476104053236,1812.0,26650.0,14.707505518763798
95,95051,BEAUCHAMP,Appartement,95051,Beauchamp,36,3230.056822034248,3121.323529411765,28510.0,9.13394581861013
95,95051,BEAUCHAMP,Maison,95051,Beauchamp,90,4460.69908587575,4078.133589884552,28510.0,6.990943129159997
95,95052,BEAUMONT-SUR-OISE,Appartement,95052,Beaumont-sur-Oise,72,3074.932119895411,2953.921568627451,22220.0,7.522203783604381
95,95052,BEAUMONT-SUR-OISE,Maison,95052,Beaumont-sur-Oise,59,3178.4287183046317,3064.516129032258,22220.0,7.250736842105264
95,95054,LE BELLAY-EN-VEXIN,Maison,95054,Le Bellay-en-Vexin,2,1693.9835164835165,1693.9835164835165,28510.0,16.83015195990983
95,95055,BELLEFONTAINE,Appartement,95055,Bellefontaine,2,3593.0232558139537,3593.0232558139537,26970.0,7.506213592233009
95,95055,BELLEFONTAINE,Maison,95055,Bellefontaine,7,3021.699536768279,2942.8571428571427,26970.0,9.164563106796118
95,95056,BELLOY-EN-FRANCE,Appartement,95056,Belloy-en-France,1,5156.25,5156.25,27690.0,5.370181818181818
95,95056,BELLOY-EN-FRANCE,Maison,95056,Belloy-en-France,28,3253.894500170446,3140.151515151515,27690.0,8.81804583835947
95,95058,BERNES-SUR-OISE,Appartement,95058,Bernes-sur-Oise,4,4009.7453455066234,3998.6573576799137,24210.0,6.054532267812774
95,95058,BERNES-SUR-OISE,Maison,95058,Bernes-sur-Oise,23,2822.3229014859185,2739.1304347826085,24210.0,8.838571428571429
95,95059,BERVILLE,Maison,95059,Berville,5,2128.8949795302738,2051.923076923077,28810.0,14.040487347703841
95,95060,BESSANCOURT,Appartement,95060,Bessancourt,51,3729.3551924052113,3875.0,26780.0,6.910967741935484
95,95060,BESSANCOURT,Maison,95060,Bessancourt,55,4255.666458247603,3888.8888888888887,26780.0,6.886285714285715
95,95061,BETHEMONT-LA-FORET,Maison,95061,Béthemont-la-Forêt,5,2754.245499369338,3088.235294117647,33250.0,10.766666666666667
95,95063,BEZONS,Appartement,95063,Bezons,171,3855.678263905964,3855.2631578947367,21450.0,5.56382252559727
95,95063,BEZONS,Maison,95063,Bezons,99,4510.576184789061,4354.8387096774195,21450.0,4.9255555555555555
95,95074,BOISEMONT,Appartement,95074,Boisemont,2,3408.967391304348,3408.967391304348,32540.0,9.545412514946193
95,95074,BOISEMONT,Maison,95074,Boisemont,8,2199.8734637819143,2513.2042253521126,32540.0,12.947614711033275
95,95078,BOISSY-L'AILLERIE,Appartement,95078,Boissy-l'Aillerie,2,3099.206349206349,3099.206349206349,28660.0,9.24752880921895
95,95078,BOISSY-L'AILLERIE,Maison,95078,Boissy-l'Aillerie,18,3034.652902196898,3265.151515151515,28660.0,8.77754060324826
95,95088,BONNEUIL-EN-FRANCE,Appartement,95088,Bonneuil-en-France,2,2551.3440860215055,2551.3440860215055,22380.0,8.771847012959645
95,95088,BONNEUIL-EN-FRANCE,Maison,95088,Bonneuil-en-France,4,3044.0033675406075,3262.4858757062148,22380.0,6.8597998129740585
95,95091,BOUFFEMONT,Appartement,95091,Bouffémont,14,3385.197763904773,3456.1403508771928,26000.0,7.522842639593909
95,95091,BOUFFEMONT,Maison,95091,Bouffémont,48,3027.8053127120543,3090.613026819923,26000.0,8.412570507655117
95,95094,BOUQUEVAL,Maison,95094,Bouqueval,2,4222.222222222223,4222.222222222223,21500.0,5.092105263157895
95,95101,BRAY-ET-LU,Maison,95101,Bray-et-Lû,5,2261.900513047142,2271.0280373831774,24700.0,10.876131687242799
95,95102,BREANCON,Appartement,95102,Bréançon,2,2638.2886776145206,2638.2886776145206,31790.0,12.049477477477476
95,95102,BREANCON,Maison,95102,Bréançon,4,2509.421188847549,2660.0884764782045,31790.0,11.95073031634197
95,95110,BRIGNANCOURT,Maison,95110,Brignancourt,3,1995.3768123446562,1914.0625,27320.0,14.273306122448979
95,95116,BRUYERES-SUR-OISE,Appartement,95116,Bruyères-sur-Oise,3,2249.5290103503444,2132.5301204819275,23430.0,10.986949152542374
95,95116,BRUYERES-SUR-OISE,Maison,95116,Bruyères-sur-Oise,31,2801.409846916697,2863.6363636363635,23430.0,8.181904761904763
95,95119,BUHY,Maison,95119,Buhy,4,3000.153622874211,2952.8562653562653,25850.0,8.754235789692652
95,95120,BUTRY-SUR-OISE,Appartement,95120,Butry-sur-Oise,2,3592.4719495091163,3592.4719495091163,28700.0,7.988928070523038
95,95120,BUTRY-SUR-OISE,Maison,95120,Butry-sur-Oise,25,3499.7835097006237,3350.0925925925926,28700.0,8.566927392830491
95,95127,CERGY,Appartement,95127,Cergy,440,3275.0199292652846,3172.6495726495723,20270.0,6.388981681034483
95,95127,CERGY,Maison,95127,Cergy,105,3133.5059918833763,2988.8888888888887,20270.0,6.781784386617101
95,95134,CHAMPAGNE SUR-OISE,Appartement,95134,Champagne-sur-Oise,9,2707.8460283636714,2584.6153846153848,27340.0,10.577976190476189
95,95134,CHAMPAGNE SUR-OISE,Maison,95134,Champagne-sur-Oise,43,3305.6680589325374,3305.084745762712,27340.0,8.272102564102564
95,95139,CHAPELLE-EN-VEXIN (LA),Maison,95139,La Chapelle-en-Vexin,3,2188.7833296807657,2088.757396449704,26710.0,12.787507082152974
95,95142,CHARS,Appartement,95142,Chars,6,2411.784413229259,2455.440251572327,25320.0,10.311796421756338
95,95142,CHARS,Maison,95142,Chars,14,2480.891848510769,2389.240506329114,25320.0,10.597509933774834
95,95149,CHAUMONTEL,Appartement,95149,Chaumontel,4,3369.710191769015,3178.8461538461543,28940.0,9.103932244404113
95,95149,CHAUMONTEL,Maison,95149,Chaumontel,29,3374.507143597491,3289.4736842105262,28940.0,8.79776
95,95150,CHAUSSY,Maison,95150,Chaussy,5,2403.710214655811,2285.714285714286,26450.0,11.571875
95,95151,CHAUVRY,Maison,95151,Chauvry,3,6113.821839080459,6155.172413793103,30050.0,4.882072829131653
95,95154,CHENNEVIERES-LES-LOUVRES,Maison,95154,Chennevières-lès-Louvres,4,1936.9719118244616,1770.5326086956522,25890.0,14.622718538391174
95,95157,CHERENCE,Maison,95157,Chérence,1,2525.0,2525.0,28350.0,11.227722772277227
95,95166,CLERY-EN-VEXIN,Maison,95166,Cléry-en-Vexin,5,3250.042609153787,2961.5384615384614,29140.0,9.839480519480519
95,95169,COMMENY,Maison,95169,Commeny,2,3297.235023041475,3297.235023041475,29715.0,9.0120964360587
95,95170,CONDECOURT,Maison,95170,Condécourt,1,2940.566037735849,2940.566037735849,28300.0,9.62399743342958
95,95176,CORMEILLES-EN-PARISIS,Appartement,95176,Cormeilles-en-Parisis,139,4207.982869187017,4333.333333333333,28650.0,6.611538461538462
95,95176,CORMEILLES-EN-PARISIS,Maison,95176,Cormeilles-en-Parisis,149,4275.147901907609,4293.478260869565,28650.0,6.672911392405064
95,95177,CORMEILLES-EN-VEXIN,Appartement,95177,Cormeilles-en-Vexin,1,4821.428571428572,4821.428571428572,27390.0,5.680888888888889
95,95177,CORMEILLES-EN-VEXIN,Maison,95177,Cormeilles-en-Vexin,6,3285.480941628812,2915.740740740741,27390.0,9.393839314067957
95,95181,COURCELLES-SUR-VIOSNE,Appartement,95181,Courcelles-sur-Viosne,1,3123.2876712328766,3123.2876712328766,29680.0,9.50280701754386
95,95181,COURCELLES-SUR-VIOSNE,Maison,95181,Courcelles-sur-Viosne,2,2468.2343234323434,2468.2343234323434,29680.0,12.024790239010528
95,95183,COURDIMANCHE,Appartement,95183,Courdimanche,34,3593.069315916137,3539.039855072464,26460.0,7.476604130941107
95,95183,COURDIMANCHE,Maison,95183,Courdimanche,45,3364.4908148869813,3379.1666666666665,26460.0,7.830332922318126
95,95197,DEUIL LA BARRE,Appartement,95197,Deuil-la-Barre,175,3476.0816648690693,3418.6046511627906,25000.0,7.312925170068027
95,95197,DEUIL LA BARRE,Maison,95197,Deuil-la-Barre,78,4579.49622928311,4407.935285053929,25000.0,5.67158961810714
95,95199,DOMONT,Appartement,95199,Domont,76,2970.624329199996,2790.5701754385964,25810.0,9.249005893909628
95,95199,DOMONT,Maison,95199,Domont,94,3634.467702217447,3549.781822051937,25810.0,7.2708693924970955
95,95203,EAUBONNE,Appartement,95203,Eaubonne,123,3609.7996554626,3301.063829787234,26900.0,8.148888172736061
95,95203,EAUBONNE,Maison,95203,Eaubonne,119,4375.692291075255,4276.190476190476,26900.0,6.29064587973274
95,95205,ECOUEN,Appartement,95205,Écouen,50,2870.8804315976886,2691.4845173041895,25760.0,9.570926317570425
95,95205,ECOUEN,Maison,95205,Écouen,36,3801.862659033131,3527.24358974359,25760.0,7.303153112221717
95,95210,ENGHIEN LES BAINS,Appartement,95210,Enghien-les-Bains,114,4888.110637416178,4815.188172043011,31400.0,6.521032798325192
95,95210,ENGHIEN LES BAINS,Maison,95210,Enghien-les-Bains,29,5886.113201429121,5812.5,31400.0,5.402150537634409
95,95211,ENNERY,Maison,95211,Ennery,15,3102.041140346327,3310.810810810811,29520.0,8.916244897959183
95,95213,EPIAIS-RHUS,Maison,95213,Épiais-Rhus,9,3094.1132876677784,2966.019417475728,30610.0,10.320229132569558
95,95218,ERAGNY-SUR-OISE,Appartement,95218,Éragny,92,3064.3152144811884,3122.0614828209764,24320.0,7.789724876918622
95,95218,ERAGNY-SUR-OISE,Maison,95218,Éragny,82,3391.799102363255,3246.972128994601,24320.0,7.490055052468373
95,95219,ERMONT,Appartement,95219,Ermont,150,3681.9114144317737,3613.2697947214074,24940.0,6.902335396165162
95,95219,ERMONT,Maison,95219,Ermont,122,4759.80765788018,4271.428571428571,24940.0,5.838795986622075
95,95229,EZANVILLE,Appartement,95229,Ézanville,63,3066.5543272402015,3000.0,25510.0,8.503333333333334
95,95229,EZANVILLE,Maison,95229,Ézanville,57,3792.17718348178,3677.777777777778,25510.0,6.936253776435045
95,95241,FONTENAY-EN-PARISIS,Appartement,95241,Fontenay-en-Parisis,5,2916.475849731664,3159.090909090909,25530.0,8.081438848920863
95,95241,FONTENAY-EN-PARISIS,Maison,95241,Fontenay-en-Parisis,13,3381.060837983818,3403.846153846154,25530.0,7.500338983050847
95,95250,FOSSES,Appartement,95250,Fosses,12,3108.667298887815,2993.761770244821,23310.0,7.786190682130922
95,95250,FOSSES,Maison,95250,Fosses,86,2899.943564129919,2749.701848539058,23310.0,8.477282732447817
95,95252,FRANCONVILLE LA GARENNE,Appartement,95252,Franconville,367,3067.741339892957,2933.0535714285716,24120.0,8.223511576794053
95,95252,FRANCONVILLE LA GARENNE,Maison,95252,Franconville,91,4113.972607729224,4022.7272727272725,24120.0,5.995932203389831
95,95253,FREMAINVILLE,Maison,95253,Frémainville,2,2606.333333333333,2606.333333333333,31060.0,11.917124952039904
95,95254,FREMECOURT,Appartement,95254,Frémécourt,1,1520.2173913043478,1520.2173913043478,30330.0,19.951093951093952
95,95254,FREMECOURT,Maison,95254,Frémécourt,3,2584.2030892999487,2886.59793814433,30330.0,10.507178571428572
95,95256,FREPILLON,Appartement,95256,Frépillon,6,3189.095478384328,3225.3246753246754,28370.0,8.796013690356352
95,95256,FREPILLON,Maison,95256,Frépillon,35,3507.5703293929023,3272.7891156462583,28370.0,8.668447308251924
95,95257,LA FRETTE-SUR-SEINE,Appartement,95257,La Frette-sur-Seine,14,3823.7587415934904,3619.449013157895,31130.0,8.600756603237716
95,95257,LA FRETTE-SUR-SEINE,Maison,95257,La Frette-sur-Seine,46,4669.246281437471,4676.438775510203,31130.0,6.65677484393104
95,95258,FROUVILLE,Maison,95258,Frouville,6,3396.4076151211743,3351.153474903475,31000.0,9.250546187202874
95,95268,GARGES-LES-GONESSE,Appartement,95268,Garges-lès-Gonesse,100,2291.604267966766,2285.61736770692,15750.0,6.890917186108637
95,95268,GARGES-LES-GONESSE,Maison,95268,Garges-lès-Gonesse,45,3395.4439734299544,3307.6923076923076,15750.0,4.761627906976744
95,95270,GENAINVILLE,Appartement,95270,Genainville,2,2981.0160427807486,2981.0160427807486,27700.0,9.292133823661315
95,95270,GENAINVILLE,Maison,95270,Genainville,5,3089.1785502450416,3056.07476635514,27700.0,9.063914373088686
95,95271,GENICOURT,Maison,95271,Génicourt,11,4149.268092108495,3596.330275229358,29250.0,8.13329081632653
95,95277,GONESSE,Appartement,95277,Gonesse,77,2912.752310994651,2870.3703703703704,19140.0,6.668129032258064
95,95277,GONESSE,Maison,95277,Gonesse,63,3220.1786777337793,3220.8588957055213,19140.0,5.942514285714286
95,95280,GOUSSAINVILLE,Appartement,95280,Goussainville,24,2899.6863360079515,3011.904761904762,18160.0,6.029407114624506
95,95280,GOUSSAINVILLE,Maison,95280,Goussainville,128,3498.0563851783404,3290.2097902097903,18160.0,5.519404888416578
95,95287,GRISY-LES-PLATRES,Maison,95287,Grisy-les-Plâtres,3,3322.3984727525167,3140.0,31090.0,9.901273885350319
95,95288,GROSLAY,Appartement,95288,Groslay,38,3030.562493769003,2860.0832562442183,26430.0,9.24098973073502
95,95288,GROSLAY,Maison,95288,Groslay,47,3886.3363916167173,3888.8888888888887,26430.0,6.796285714285714
95,95298,HARAVILLIERS,Maison,95298,Haravilliers,6,2503.343038126787,2616.0714285714284,30750.0,11.754266211604095
95,95301,HAUTE-ISLE,Appartement,95301,Haute-Isle,1,1351.063829787234,1351.063829787234,26340.0,19.495748031496063
95,95301,HAUTE-ISLE,Maison,95301,Haute-Isle,6,2835.0971932364096,2910.25641025641,26340.0,9.050748898678414
95,95303,LE HEAULME,Appartement,95303,Le Heaulme,1,3340.0,3340.0,28140.0,8.425149700598803
95,95303,LE HEAULME,Maison,95303,Le Heaulme,1,1427.2727272727273,1427.2727272727273,28140.0,19.71592356687898
95,95304,HEDOUVILLE,Maison,95304,Hédouville,6,3431.8289343718666,3507.3611111111113,33710.0,9.611214509167228
95,95306,HERBLAY-SUR-SEINE,Appartement,95306,Herblay-sur-Seine,144,3640.087206897914,3673.6625,27080.0,7.371390267886612
95,95306,HERBLAY-SUR-SEINE,Maison,95306,Herblay-sur-Seine,196,3861.008754512091,3817.142857142857,27080.0,7.09431137724551
95,95308,HEROUVILLE,Appartement,95308,Hérouville-en-Vexin,1,3263.8888888888887,3263.8888888888887,29670.0,9.090382978723405
95,95308,HEROUVILLE,Maison,95308,Hérouville-en-Vexin,6,3386.279266145455,3232.686283284851,29670.0,9.178125373134328
95,95309,HODENT,Maison,95309,Hodent,1,5307.692307692308,5307.692307692308,27430.0,5.167971014492753
95,95313,L'ISLE-ADAM,Appartement,95313,L'Isle-Adam,99,4372.664375097059,4400.0,28610.0,6.502272727272727
95,95313,L'ISLE-ADAM,Maison,95313,L'Isle-Adam,74,4098.423862855285,4116.959442004651,28610.0,6.949303339765008
95,95316,JAGNY-SOUS-BOIS,Maison,95316,Jagny-sous-Bois,5,2651.3038157233204,2736.842105263158,30470.0,11.13326923076923
95,95323,JOUY-LE-MOUTIER,Appartement,95323,Jouy-le-Moutier,41,3548.441842855259,3565.217391304348,24800.0,6.95609756097561
95,95323,JOUY-LE-MOUTIER,Maison,95323,Jouy-le-Moutier,110,3035.9910617017695,3058.43762495002,24800.0,8.10871531192508
95,95328,LABBEVILLE,Appartement,95328,Labbeville,3,2644.2252022137077,2895.0,27790.0,9.599309153713298
95,95328,LABBEVILLE,Maison,95328,Labbeville,7,2581.2641322386357,2661.2903225806454,27790.0,10.44230303030303
95,95331,LASSY,Appartement,95331,Lassy,1,2166.6666666666665,2166.6666666666665,24820.0,11.455384615384617
95,95331,LASSY,Maison,95331,Lassy,5,3290.818565747977,3264.705882352941,24820.0,7.602522522522523
95,95341,LIVILLIERS,Appartement,95341,Livilliers,1,2959.259259259259,2959.259259259259,33270.0,11.24267834793492
95,95341,LIVILLIERS,Maison,95341,Livilliers,5,3892.745611809821,3976.7441860465115,33270.0,8.366140350877194
95,95348,LONGUESSE,Maison,95348,Longuesse,4,4077.898094938564,3979.2669345579793,30550.0,7.677293456914954
95,95351,LOUVRES,Appartement,95351,Louvres,51,3516.5158790924024,3369.5652173913045,22430.0,6.656645161290323
95,95351,LOUVRES,Maison,95351,Louvres,51,3217.3574281099814,2912.087912087912,22430.0,7.7023773584905655
95,95352,LUZARCHES,Appartement,95352,Luzarches,22,2872.0355506021074,2959.090909090909,28090.0,9.492780337941628
95,95352,LUZARCHES,Maison,95352,Luzarches,43,3472.083071808688,3415.9663865546217,28090.0,8.223148831488315
95,95353,MAFFLIERS,Appartement,95353,Maffliers,8,3085.472064849855,3496.031746031746,28980.0,8.289398410896709
95,95353,MAFFLIERS,Maison,95353,Maffliers,12,4275.497347748408,4130.901360544218,28980.0,7.0154180578599155
95,95355,MAGNY-EN-VEXIN,Appartement,95355,Magny-en-Vexin,9,2600.978835978836,2600.0,23850.0,9.173076923076923
95,95355,MAGNY-EN-VEXIN,Maison,95355,Magny-en-Vexin,43,2601.060052672023,2458.064516129032,23850.0,9.702755905511811
95,95365,MAREIL-EN-FRANCE,Appartement,95365,Mareil-en-France,1,4250.0,4250.0,28300.0,6.658823529411765
95,95365,MAREIL-EN-FRANCE,Maison,95365,Mareil-en-France,9,2844.7285009807692,3103.448275862069,28300.0,9.11888888888889
95,95369,MARGENCY,Appartement,95369,Margency,7,3606.8106286351713,3838.7096774193546,31670.0,8.250168067226891
95,95369,MARGENCY,Maison,95369,Margency,16,3908.3680631685706,3899.610136452242,31670.0,8.121324668832791
95,95370,MARINES,Appartement,95370,Marines,4,3080.0795391255915,3015.0462962962965,26990.0,8.951769673704414
95,95370,MARINES,Maison,95370,Marines,32,2989.4847532009308,2873.9772727272725,26990.0,9.391166818235737
95,95371,MARLY-LA-VILLE,Appartement,95371,Marly-la-Ville,16,3466.1037843504555,3922.512437810945,26550.0,6.768620984874909
95,95371,MARLY-LA-VILLE,Maison,95371,Marly-la-Ville,60,2874.779586541535,2922.0360824742265,26550.0,9.086130099228226
95,95379,MAUDETOUR-EN-VEXIN,Maison,95379,Maudétour-en-Vexin,1,3450.0,3450.0,29620.0,8.585507246376812
95,95388,MENUCOURT,Appartement,95388,Menucourt,13,3311.269590243039,3332.1428571428573,25830.0,7.75176848874598
95,95388,MENUCOURT,Maison,95388,Menucourt,43,3020.3934559729814,3107.52688172043,25830.0,8.312076124567474
95,95392,MERIEL,Appartement,95392,Mériel,14,3601.966892169183,3478.537532355479,27430.0,7.885497783151955
95,95392,MERIEL,Maison,95392,Mériel,56,3710.624098572388,3620.184932027037,27430.0,7.576960988189413
95,95394,MERY-SUR-OISE,Appartement,95394,Méry-sur-Oise,40,3176.1878381371707,3180.652680652681,26220.0,8.24359105899597
95,95394,MERY-SUR-OISE,Maison,95394,Méry-sur-Oise,61,3463.780038018778,3533.4270833333335,26220.0,7.420557827180293
95,95395,LE MESNIL-AUBRY,Maison,95395,Le Mesnil-Aubry,9,2925.2768179220498,3006.993006993007,27520.0,9.152000000000001
95,95409,MOISSELLES,Appartement,95409,Moisselles,10,3695.6831818896376,3751.443001443002,28790.0,7.674380228868159
95,95409,MOISSELLES,Maison,95409,Moisselles,11,3409.601636785333,3614.8387096774195,28790.0,7.964394074602891
95,95422,MONTGEROULT,Maison,95422,Montgeroult,5,2874.570263070263,3190.8333333333335,30260.0,9.483416035518411
95,95424,MONTIGNY LES CORMEILLES,Appartement,95424,Montigny-lès-Cormeilles,67,2687.481215506289,2568.8073394495414,21970.0,8.552607142857143
95,95424,MONTIGNY LES CORMEILLES,Maison,95424,Montigny-lès-Cormeilles,99,3800.401667242353,3571.4285714285716,21970.0,6.1516
95,95426,MONTLIGNON,Appartement,95426,Montlignon,16,3289.365640686862,3413.6173767752716,34100.0,9.9894030983089
95,95426,MONTLIGNON,Maison,95426,Montlignon,25,4239.912067016107,4150.943396226415,34100.0,8.215
95,95427,MONTMAGNY,Appartement,95427,Montmagny,61,2948.923767847039,2716.0493827160494,21400.0,7.879090909090909
95,95427,MONTMAGNY,Maison,95427,Montmagny,51,3779.949987919545,3387.0967741935483,21400.0,6.318095238095238
95,95428,MONTMORENCY,Appartement,95428,Montmorency,164,3709.5719171404185,3597.9777553083923,28430.0,7.901660858812949
95,95428,MONTMORENCY,Maison,95428,Montmorency,84,4701.119420733817,4732.638888888889,28430.0,6.007219369038885
95,95429,MONTREUIL-SUR-EPTE,Maison,95429,Montreuil-sur-Epte,4,2883.515759602716,2521.212121212121,27590.0,10.94314903846154
95,95430,MONTSOULT,Appartement,95430,Montsoult,16,2835.127808152873,2694.4705513784465,28560.0,10.599484928639942
95,95430,MONTSOULT,Maison,95430,Montsoult,38,3142.0130365556943,3175.416133162612,28560.0,8.99409677419355
95,95436,MOURS,Appartement,95436,Mours,5,3290.6984007996007,3562.5,28640.0,8.039298245614034
95,95436,MOURS,Maison,95436,Mours,13,3058.5376975857916,3034.090909090909,28640.0,9.43940074906367
95,95438,MOUSSY,Appartement,95438,Moussy,1,2300.0,2300.0,27330.0,11.882608695652173
95,95445,NERVILLE-LA-FORET,Maison,95445,Nerville-la-Forêt,7,3007.3926456355152,2925.925925925926,28750.0,9.825949367088606
95,95446,NESLES-LA-VALLEE,Appartement,95446,Nesles-la-Vallée,2,2564.1057312252965,2564.1057312252965,31280.0,12.199184931836793
95,95446,NESLES-LA-VALLEE,Maison,95446,Nesles-la-Vallée,25,3410.352367473921,3174.6031746031745,31280.0,9.853200000000001
95,95447,NEUILLY-EN-VEXIN,Maison,95447,Neuilly-en-Vexin,1,2125.0,2125.0,26820.0,12.621176470588235
95,95450,NEUVILLE-SUR-OISE,Appartement,95450,Neuville-sur-Oise,3,3288.2911757911756,3476.923076923077,31300.0,9.00221238938053
95,95450,NEUVILLE-SUR-OISE,Maison,95450,Neuville-sur-Oise,14,3565.5947149591057,3540.506329113924,31300.0,8.840543439399356
95,95452,NOINTEL,Appartement,95452,Nointel,3,3175.2810918731916,3025.3164556962024,28910.0,9.556025104602512
95,95452,NOINTEL,Maison,95452,Nointel,4,3035.9863094054394,3108.0763732897694,28910.0,9.301573233028366
95,95456,NOISY-SUR-OISE,Maison,95456,Noisy-sur-Oise,6,2756.08871069751,2697.5196850393704,27640.0,10.24644978618445
95,95459,NUCOURT,Maison,95459,Nucourt,2,2676.722421346077,2676.722421346077,28030.0,10.471761949042216
95,95462,OMERVILLE,Maison,95462,Omerville,5,2587.934099644086,2446.969696969697,27310.0,11.160743034055727
95,95476,OSNY,Appartement,95476,Osny,52,3607.0756069172703,3648.062015503876,26100.0,7.154483637909053
95,95476,OSNY,Maison,95476,Osny,95,3419.0153042587453,3274.1935483870966,26100.0,7.9714285714285715
95,95480,PARMAIN,Appartement,95480,Parmain,5,2989.091245446266,2871.09375,28950.0,10.083265306122449
95,95480,PARMAIN,Maison,95480,Parmain,50,3189.368157615192,3010.7683982683984,28950.0,9.615485540717842
95,95483,LE PERCHAY,Maison,95483,Le Perchay,3,3165.4013993092835,3241.2932330827066,30570.0,9.431420671225633
95,95487,PERSAN,Appartement,95487,Persan,57,2941.636972676102,2991.1111111111113,19590.0,6.549405646359584
95,95487,PERSAN,Maison,95487,Persan,34,2834.9721252106356,2901.878868258179,19590.0,6.750798668504962
95,95488,PIERRELAYE,Appartement,95488,Pierrelaye,27,3684.843494050072,3569.767441860465,23380.0,6.549446254071661
95,95488,PIERRELAYE,Maison,95488,Pierrelaye,46,3409.317906308365,3411.8228849665247,23380.0,6.852641766083175
95,95489,PISCOP,Maison,95489,Piscop,3,3359.0999601752287,3850.0,27800.0,7.220779220779221
95,95491,PLESSIS-BOUCHARD (LE),Appartement,95491,Le Plessis-Bouchard,48,3140.317258229286,3024.8950559701493,28550.0,9.438343966231713
95,95491,PLESSIS-BOUCHARD (LE),Maison,95491,Le Plessis-Bouchard,58,4210.41344699743,4187.178387650086,28550.0,6.8184341236110395
95,95493,LE PLESSIS-LUZARCHES,Maison,95493,Le Plessis-Luzarches,1,2536.5853658536585,2536.5853658536585,28460.0,11.219807692307693
95,95500,PONTOISE,Appartement,95500,Pontoise,227,3098.984179423777,3025.423728813559,22340.0,7.384089635854342
95,95500,PONTOISE,Maison,95500,Pontoise,75,3606.893157779351,3428.5714285714284,22340.0,6.515833333333333
95,95504,PRESLES,Appartement,95504,Presles,14,3334.088099778926,3218.083333333333,29450.0,9.151410000776862
95,95504,PRESLES,Maison,95504,Presles,47,3363.166658385959,3376.068376068376,29450.0,8.723164556962026
95,95509,PUISEUX-EN-FRANCE,Appartement,95509,Puiseux-en-France,6,3860.827711456653,3893.723098995696,25860.0,6.641458404340576
95,95509,PUISEUX-EN-FRANCE,Maison,95509,Puiseux-en-France,27,2787.95370829229,2811.764705882353,25860.0,9.197071129707112
95,95510,PUISEUX-PONTOISE,Appartement,95510,Puiseux-Pontoise,1,3052.6315789473683,3052.6315789473683,27320.0,8.949655172413793
95,95510,PUISEUX-PONTOISE,Maison,95510,Puiseux-Pontoise,1,3670.2127659574467,3670.2127659574467,27320.0,7.443710144927537
95,95523,LA ROCHE-GUYON,Appartement,95523,La Roche-Guyon,1,2816.326530612245,2816.326530612245,25480.0,9.047246376811595
95,95523,LA ROCHE-GUYON,Maison,95523,La Roche-Guyon,4,2830.5950212507587,2783.333333333333,25480.0,9.154491017964073
95,95527,ROISSY-EN-FRANCE,Appartement,95527,Roissy-en-France,11,4207.605004168302,3958.3333333333335,25320.0,6.3966315789473684
95,95527,ROISSY-EN-FRANCE,Maison,95527,Roissy-en-France,9,3466.11171749052,3571.4285714285716,25320.0,7.0896
95,95529,RONQUEROLLES,Maison,95529,Ronquerolles,9,3113.539461339334,3221.4285714285716,29160.0,9.051884700665187
95,95535,SAGY,Appartement,95535,Sagy,1,3180.0,3180.0,29810.0,9.374213836477987
95,95535,SAGY,Maison,95535,Sagy,9,3172.5284161950735,2976.190476190476,29810.0,10.01616
95,95539,SAINT-BRICE-SOUS-FORET,Appartement,95539,Saint-Brice-sous-Forêt,77,3187.0852884398555,3098.0392156862745,25120.0,8.108354430379746
95,95539,SAINT-BRICE-SOUS-FORET,Maison,95539,Saint-Brice-sous-Forêt,51,3753.0925927333733,3597.4025974025976,25120.0,6.982815884476534
95,95541,SAINT-CLAIR-SUR-EPTE,Appartement,95541,Saint-Clair-sur-Epte,1,2533.3333333333335,2533.3333333333335,23280.0,9.189473684210526
95,95541,SAINT-CLAIR-SUR-EPTE,Maison,95541,Saint-Clair-sur-Epte,11,2511.5469067603453,2532.4675324675327,23280.0,9.192615384615383
95,95554,SAINT-GERVAIS,Maison,95554,Saint-Gervais,12,2663.9323776236724,2664.583333333333,28780.0,10.800938232994529
95,95555,ST GRATIEN,Appartement,95555,Saint-Gratien,151,3477.4519389685033,3360.655737704918,23910.0,7.114682926829269
95,95555,ST GRATIEN,Maison,95555,Saint-Gratien,66,5079.116359850423,4930.232558139534,23910.0,4.849669811320755
95,95563,ST LEU LA FORET,Appartement,95563,Saint-Leu-la-Forêt,91,3571.853868855804,3564.102564102564,28960.0,8.125467625899281
95,95563,ST LEU LA FORET,Maison,95563,Saint-Leu-la-Forêt,113,4155.848010181385,3986.6666666666665,28960.0,7.264214046822743
95,95566,SAINT-MARTIN-DU-TERTRE,Appartement,95566,Saint-Martin-du-Tertre,2,2902.9032258064517,2902.9032258064517,25890.0,8.918657628625402
95,95566,SAINT-MARTIN-DU-TERTRE,Maison,95566,Saint-Martin-du-Tertre,29,2816.6644759127976,2792.079207920792,25890.0,9.272659574468085
95,95572,ST OUEN L AUMONE,Appartement,95572,Saint-Ouen-l'Aumône,143,3045.1029808965286,3114.035087719298,21350.0,6.856056338028169
95,95572,ST OUEN L AUMONE,Maison,95572,Saint-Ouen-l'Aumône,69,3433.625663593458,3338.6075949367087,21350.0,6.394881516587678
95,95574,SAINT-PRIX,Appartement,95574,Saint-Prix,11,4154.597232376731,3818.181818181818,31490.0,8.247380952380952
95,95574,SAINT-PRIX,Maison,95574,Saint-Prix,57,4046.881517253416,4028.776978417266,31490.0,7.816267857142858
95,95580,SAINT-WITZ,Appartement,95580,Saint-Witz,5,2999.59913870105,3622.6415094339623,34910.0,9.636614583333333
95,95580,SAINT-WITZ,Maison,95580,Saint-Witz,30,3201.6787192211104,3177.7845777233783,34910.0,10.985640828117477
95,95582,SANNOIS,Appartement,95582,Sannois,163,3242.1203234065483,3220.3389830508477,24250.0,7.530263157894736
95,95582,SANNOIS,Maison,95582,Sannois,105,4207.28941436211,4193.548387096775,24250.0,5.782692307692307
95,95584,SANTEUIL,Appartement,95584,Santeuil,1,2517.2413793103447,2517.2413793103447,30530.0,12.128356164383563
95,95584,SANTEUIL,Maison,95584,Santeuil,14,3479.206550120929,2772.1059533175976,30530.0,11.013287556149267
95,95585,SARCELLES,Appartement,95585,Sarcelles,192,2155.021132643827,1970.3322210938634,16520.0,8.384372860140632
95,95585,SARCELLES,Maison,95585,Sarcelles,59,3313.026316576963,3097.8260869565215,16520.0,5.3327719298245615
95,95592,SERAINCOURT,Appartement,95592,Seraincourt,3,2786.0581479094803,2837.837837837838,29760.0,10.486857142857142
95,95592,SERAINCOURT,Maison,95592,Seraincourt,13,2968.8436838814214,2993.4640522875816,29760.0,9.941659388646288
95,95594,SEUGY,Appartement,95594,Seugy,2,3024.948024948025,3024.948024948025,28690.0,9.484460481099656
95,95594,SEUGY,Maison,95594,Seugy,9,3235.5346444010747,3466.6666666666665,28690.0,8.275961538461539
95,95598,SOISY SS MONTMORENCY,Appartement,95598,Soisy-sous-Montmorency,92,3298.769652239426,3179.568752209261,26100.0,8.208660366870484
95,95598,SOISY SS MONTMORENCY,Maison,95598,Soisy-sous-Montmorency,73,4863.930687916798,4608.333333333333,26100.0,5.66365280289331
95,95604,SURVILLIERS,Appartement,95604,Survilliers,28,2612.756805312227,2231.8840579710145,23580.0,10.565064935064935
95,95604,SURVILLIERS,Maison,95604,Survilliers,21,3051.745336394551,2840.5797101449275,23580.0,8.301122448979593
95,95607,TAVERNY,Appartement,95607,Taverny,137,2977.856869682093,2914.6341463414633,25570.0,8.772970711297072
95,95607,TAVERNY,Maison,95607,Taverny,129,4045.631351154592,4029.8507462686566,25570.0,6.345148148148148
95,95610,THEMERICOURT,Maison,95610,Théméricourt,6,3431.6004784408337,3523.6291486291484,31340.0,8.894239058100846
95,95612,LE THILLAY,Appartement,95612,Le Thillay,13,2940.916081603256,2765.9574468085107,23160.0,8.37323076923077
95,95612,LE THILLAY,Maison,95612,Le Thillay,27,3972.2164514764786,3589.74358974359,23160.0,6.451714285714286
95,95625,US,Maison,95625,Us,12,3026.1701150726954,3207.4592074592074,28530.0,8.894890988372094
95,95627,VALLANGOUJARD,Appartement,95627,Vallangoujard,2,3098.968105065666,3098.968105065666,31710.0,10.232438322990768
95,95627,VALLANGOUJARD,Maison,95627,Vallangoujard,6,2659.1240317270144,2712.591066303628,31710.0,11.689930116598935
95,95628,VALMONDOIS,Appartement,95628,Valmondois,4,3426.3194587895064,3511.3268608414237,29420.0,8.378599078341015
95,95628,VALMONDOIS,Maison,95628,Valmondois,15,3643.252039635007,3738.4615384615386,29420.0,7.8695473251028805
95,95637,VAUREAL,Appartement,95637,Vauréal,53,3612.9306719208353,3636.3636363636365,25250.0,6.94375
95,95637,VAUREAL,Maison,95637,Vauréal,85,3266.082866698188,3370.7865168539324,25250.0,7.490833333333334
95,95641,VEMARS,Appartement,95641,Vémars,14,3556.51594329272,3495.923913043478,25440.0,7.2770462495141865
95,95641,VEMARS,Maison,95641,Vémars,17,3354.331511888089,3410.4046242774566,25440.0,7.459525423728814
95,95651,VETHEUIL,Appartement,95651,Vétheuil,1,2244.8979591836733,2244.8979591836733,26390.0,11.755545454545455
95,95651,VETHEUIL,Maison,95651,Vétheuil,14,3014.280724167016,2835.714285714286,26390.0,9.306297229219144
95,95652,VIARMES,Appartement,95652,Viarmes,10,3260.6241420544825,3280.0,27920.0,8.512195121951219
95,95652,VIARMES,Maison,95652,Viarmes,53,3380.5044753897546,3016.9491525423728,27920.0,9.25438202247191
95,95656,VIENNE-EN-ARTHIES,Maison,95656,Vienne-en-Arthies,1,3215.612244897959,3215.612244897959,28380.0,8.825690984672992
95,95658,VIGNY,Appartement,95658,Vigny,1,2972.972972972973,2972.972972972973,30870.0,10.383545454545455
95,95658,VIGNY,Maison,95658,Vigny,14,3127.357610517326,3215.3683574879224,30870.0,9.600766247546789
95,95660,VILLAINES-SOUS-BOIS,Appartement,95660,Villaines-sous-Bois,1,4459.459459459459,4459.459459459459,29830.0,6.689151515151516
95,95660,VILLAINES-SOUS-BOIS,Maison,95660,Villaines-sous-Bois,9,3812.796550521411,3532.3529411764707,29830.0,8.444796003330557
95,95675,VILLERON,Appartement,95675,Villeron,6,3918.911813576575,4031.730390224675,25940.0,6.4339619690081635
95,95675,VILLERON,Maison,95675,Villeron,7,2792.882186667498,2860.9375,25940.0,9.066957946477334
95,95676,VILLERS-EN-ARTHIES,Maison,95676,Villers-en-Arthies,8,1985.9711722677475,1905.9488202060484,28540.0,14.974169136878816
95,95678,VILLIERS-ADAM,Maison,95678,Villiers-Adam,13,2973.203841869099,2946.375,30090.0,10.212549319078528
95,95680,VILLIERS-LE-BEL,Appartement,95680,Villiers-le-Bel,97,2371.975814376391,2153.846153846154,16190.0,7.516785714285715
95,95680,VILLIERS-LE-BEL,Maison,95680,Villiers-le-Bel,51,2823.359886543622,2853.3333333333335,16190.0,5.674065420560748
95,95682,VILLIERS-LE-SEC,Maison,95682,Villiers-le-Sec,1,2257.1428571428573,2257.1428571428573,24880.0,11.02278481012658
95,95690,WY-DIT-JOLI-VILLAGE,Maison,95690,Wy-dit-Joli-Village,5,3637.622949418523,3373.3333333333335,31810.0,9.429841897233201
